stim_id,superordinate,np,adj,response,response_hand_lemma,label
1,birds,crow,dark,colors,color,scale
1,birds,crow,light,colors,color,scale
1,birds,parrot,dark,colors,color,scale
1,birds,parrot,dark,colour,color,scale
1,birds,parrot,light,colors,color,scale
1,birds,seagull,dark,color,color,scale
1,birds,seagull,light,colors,color,scale
1,birds,seagull,light,colour,color,scale
2,paint,black paint,dark,cans,cans,super
2,paint,black paint,dark,colors,color,scale
2,paint,black paint,light,colors,color,scale
2,paint,black paint,light,shades,shades,scale
2,paint,blue paint,dark,colors,color,scale
2,paint,blue paint,light,cans,cans,super
2,paint,blue paint,light,colors,color,scale
2,paint,white paint,dark,colors,color,scale
2,paint,white paint,light,can,cans,super
2,paint,white paint,light,colors,color,scale
2,paint,white paint,light,shades,shades,scale
3,cakes,cheesecake,dark,color,color,scale
3,cakes,cheesecake,dark,colors,color,scale
3,cakes,cheesecake,dark,colour,color,scale
3,cakes,cheesecake,dark,deserts,desserts,supersuper
3,cakes,cheesecake,dark,desserts,desserts,supersuper
3,cakes,cheesecake,dark,other desserts,desserts,supersuper
3,cakes,cheesecake,light,colors,color,scale
3,cakes,cheesecake,light,desserts,desserts,supersuper
3,cakes,cheesecake,light,desswerts,desserts,supersuper
3,cakes,chocolate cake,dark,colors,color,scale
3,cakes,fruit cake,dark,color,color,scale
3,cakes,fruit cake,light,colors,color,scale
3,cakes,fruit cake,light,desserts,desserts,supersuper
4,times of day,day,dark,places,places,diff
4,times of day,day,light,places,places,diff
4,times of day,dusk,dark,days,days,diff
4,times of day,dusk,dark,evenings,evenings,sub
4,times of day,dusk,dark,nights,night,sub
4,times of day,dusk,dark,places,places,diff
4,times of day,dusk,dark,places.,places,diff
4,times of day,dusk,light,days,days,sub
4,times of day,dusk,light,evenings,evenings,sub
4,times of day,dusk,light,nights,night,sub
4,times of day,night,dark,evenings,evenings,sub
4,times of day,night,dark,places,places,diff
4,times of day,night,light,places,places,diff
5,writing utensils,pen,dark,color,color,scale
5,writing utensils,pen,dark,colors,color,scale
5,writing utensils,pen,dark,color of the scripts,color of the scripts,scale
5,writing utensils,pen,dark,ink,ink,intermediate
5,writing utensils,pen,dark,inks,ink,intermediate
5,writing utensils,pen,dark,ink colors,ink color,scale
5,writing utensils,pen,dark,script,scripts,super
5,writing utensils,pen,dark,scripts,scripts,super
5,writing utensils,pen,light,colors,color,scale
5,writing utensils,pen,light,ink,ink,intermediate
5,writing utensils,pen,light,inks,ink,intermediate
5,writing utensils,pen,light,ink colors,ink color,intermediate
5,writing utensils,pen,light,script,scripts,super
5,writing utensils,pen,light,scripts,scripts,super
5,writing utensils,pen,light,script colors,scripts color,super
5,writing utensils,pen,light,scripts' colors,scripts color,super
5,writing utensils,pencil,dark,colors,color,scale
5,writing utensils,pencil,dark,color of the script.,color of the scripts,super
5,writing utensils,pencil,dark,ink,ink,intermediate
5,writing utensils,pencil,dark,scripts,scripts,super
5,writing utensils,pencil,dark,scripts.,scripts,super
5,writing utensils,pencil,dark,script color,scripts color,super
5,writing utensils,pencil,dark,script colors,scripts color,super
5,writing utensils,pencil,light,color,color,scale
5,writing utensils,pencil,light,colors,color,scale
5,writing utensils,pencil,light,color of the script,color of the scripts,super
5,writing utensils,pencil,light,scipts,scripts,super
5,writing utensils,pencil,light,script,scripts,super
5,writing utensils,pencil,light,scripts,scripts,super
5,writing utensils,pencil,light,script colors,scripts color,super
5,writing utensils,piece of chalk,dark,color,color,scale
5,writing utensils,piece of chalk,dark,colors,color,scale
5,writing utensils,piece of chalk,dark,script,scripts,super
5,writing utensils,piece of chalk,dark,scripts,scripts,super
5,writing utensils,piece of chalk,dark,script's colors,scripts color,super
5,writing utensils,piece of chalk,light,color,color,scale
5,writing utensils,piece of chalk,light,colors,color,scale
5,writing utensils,piece of chalk,light,script,scripts,super
5,writing utensils,piece of chalk,light,script colors,scripts color,super
6,flowers,dahlia,dark,bouquet,bouquet,super
6,flowers,dahlia,light,bouquets,bouquet,super
6,flowers,dahlia,light,colors,color,scale
6,flowers,dahlia,light,flower bouquets,flower bouquet,super
6,flowers,daisy,dark,bouquet,bouquet,super
6,flowers,daisy,dark,flower bouquets,flower bouquet,super
6,flowers,daisy,light,bouquet,bouquet,super
6,flowers,daisy,light,bouquets,bouquet,super
6,flowers,daisy,light,colors,color,scale
6,flowers,daisy,light,flower bouquet,flower bouquet,super
6,flowers,rose,dark,bouquet,bouquet,super
6,flowers,rose,dark,colors,color,scale
6,flowers,rose,light,bouqets,bouquet,super
6,flowers,rose,light,bouquets,bouquet,super
6,flowers,rose,light,colors,color,scale
7,dogs,pitbull,dark,coats,coats,supersuper
7,dogs,pitbull,dark,colors,color,scale
7,dogs,pitbull,dark,dog coats,dog coats,super
7,dogs,pitbull,dark,dog's coats,dog coats,super
7,dogs,pitbull,dark,fur,fur,supersuper
7,dogs,pitbull,light,coat colors,coat color,supersuper
7,dogs,pitbull,light,coats,coats,supersuper
7,dogs,pitbull,light,colors,color,scale
7,dogs,pitbull,light,dog coats,dog coats,super
7,dogs,pitbull,light,fur,fur,supersuper
7,dogs,poodle,dark,coat,coat,supersuper
7,dogs,poodle,dark,coats,coats,supersuper
7,dogs,poodle,dark,colors,color,scale
7,dogs,poodle,dark,dog coats,dog coats,super
7,dogs,poodle,light,coat,coat,supersuper
7,dogs,poodle,light,coats,coats,supersuper
7,dogs,poodle,light,colors,color,scale
7,dogs,poodle,light,dog coats,dog coats,super
7,dogs,poodle,light,fur,fur,supersuper
7,dogs,spaniel,dark,coat,coat,supersuper
7,dogs,spaniel,dark,coat colors,coat color,supersuper
7,dogs,spaniel,dark,coats,coats,supersuper
7,dogs,spaniel,dark,colors,color,scale
7,dogs,spaniel,dark,dog coats,dog coats,super
7,dogs,spaniel,dark,dog's coats,dog coats,super
7,dogs,spaniel,dark,fur,fur,supersuper
7,dogs,spaniel,light,coat colors,coat color,supersuper
7,dogs,spaniel,light,coats,coats,supersuper
7,dogs,spaniel,light,colors,color,supersuper
7,dogs,spaniel,light,dog coats,dog coats,super
7,dogs,spaniel,light,fur,fur,supersuper
8,animals,jaguar,dark,cats,cats,intermediate
8,animals,jaguar,dark,fur,fur,supersuper
8,animals,jaguar,dark,furs,fur,supersuper
8,animals,jaguar,dark,fur colors,fur color,supersuper
8,animals,jaguar,light,cats,cats,intermediate
8,animals,jaguar,light,color,color,scale
8,animals,jaguar,light,colors,color,scale
8,animals,jaguar,light,fur,fur,supersuper
8,animals,jaguar,light,furs,fur,supersuper
8,animals,jaguar,light,fur color,fur color,supersuper
8,animals,jaguar,light,fur colors,fur color,supersuper
8,animals,jaguar,light,fur colours,fur color,supersuper
8,animals,panther,dark,cats,cats,intermediate
8,animals,panther,dark,colors,color,scale
8,animals,panther,dark,fur,fur,supersuper
8,animals,panther,dark,furs,fur,supersuper
8,animals,panther,dark,fur colors,fur color,supersuper
8,animals,panther,light,color,color,scale
8,animals,panther,light,colors,color,scale
8,animals,panther,light,fur,fur,supersuper
8,animals,panther,light,furs,fur,supersuper
8,animals,panther,light,fur colors,fur color,supersuper
8,animals,tiger,dark,fur,fur,supersuper
8,animals,tiger,dark,furs,fur,supersuper
8,animals,tiger,light,color,color,scale
8,animals,tiger,light,colors,color,scale
8,animals,tiger,light,fur colors,fur color,supersuper
9,vegetables,cucumber,soft,fruits,fruit,super
9,vegetables,tomato,hard,fruits,fruit,super
9,vegetables,tomato,soft,fruits,fruit,super
10,candies,jolly rancher,hard,foods,food,supersuper
10,candies,jolly rancher,soft,food,food,supersuper
10,candies,marshmallow,soft,food,food,supersuper
10,candies,marshmallow,soft,foods,food,supersuper
10,candies,piece of chocolate,hard,food,food,supersuper
10,candies,piece of chocolate,hard,other food,food,supersuper
10,candies,piece of chocolate,soft,food,food,supersuper
11,floors,carpet,hard,room,room,diff
11,floors,carpet,soft,rooms,room,diff
11,floors,tile,hard,room,room,diff
11,floors,wood,soft,rooms,room,diff
13,materials,cotton,hard,fabrics,fabric,super
13,materials,cotton,soft,fabric,fabric,super
13,materials,cotton,soft,fabrics,fabric,super
13,materials,cotton,soft,items,items,supersuper
13,materials,cotton,soft,objects,objects,supersuper
13,materials,wood,hard,items,items,supersuper
13,materials,wood,hard,objects,objects,supersuper
13,materials,wood,soft,fabric,fabric,super
14,furniture,bedboard,hard,beds,beds,intermediate
14,furniture,bedboard,hard,mattress,mattress,diff
14,furniture,bedboard,hard,mattresses,mattress,diff
14,furniture,bedboard,hard,places to sit,places to sit,supersuper
14,furniture,bedboard,hard,seats,seats,supersuper
14,furniture,bedboard,soft,beds,beds,diff
14,furniture,bedboard,soft,mattresses,mattress,diff
14,furniture,bedboard,soft,places to sit,places to sit,supersuper
14,furniture,blanket,hard,beds,beds,diff
14,furniture,blanket,hard,places to sit,places to sit,supersuper
14,furniture,blanket,hard,seats,seats,supersuper
15,animals,penguin,tall,birds,birds,intermediate
16,buildings,strip mall,short,mall,mall,intermediate
16,buildings,strip mall,short,malls,mall,intermediate
16,buildings,strip mall,short,malls.,mall,intermediate
16,buildings,strip mall,tall,mall,mall,intermediate
16,buildings,strip mall,tall,mall's,mall,intermediate
16,buildings,strip mall,tall,malls,mall,intermediate
17,people,adult,tall,children,kidren,sub
17,people,child,short,child,kid,sub
17,people,child,short,children,kidren,sub
17,people,child,short,kids,kids,sub
17,people,child,tall,child,kid,sub
17,people,child,tall,chijldren,kidren,sub
17,people,child,tall,children,kidren,sub
17,people,child,tall,children.,kidren,sub
17,people,child,tall,childs,kids,sub
17,people,teenager,short,kids,kids,sub
17,people,teenager,tall,children,kidren,sub
18,flowers,pansy,short,plants,plants,supersuper
18,flowers,pansy,tall,plants,plants,supersuper
18,flowers,sunflower,short,plants,plants,supersuper
18,flowers,sunflower,tall,plants,plants,supersuper
18,flowers,tulip,short,plants,plants,supersuper
19,people,basketball player,tall,athletes,athletes,intermediate
19,people,golfer,short,atheletes,athletes,intermediate
19,people,golfer,short,athletes,athletes,intermediate
19,people,golfer,tall,athletes,athletes,intermediate
19,people,jockey,short,athletes,athletes,intermediate
20,trees,alpine tree,tall,plants,plants,supersuper
20,trees,bonsai tree,short,plants,plants,supersuper
20,trees,bonsai tree,tall,plants,plants,supersuper
20,trees,redwood tree,tall,plants,plants,supersuper
22,pets,hamster,short,animals,animals,supersuper
22,pets,hamster,short,rodents,rodents,diff
22,pets,mouse,long,rodents,rodents,diff
22,pets,mouse,short,animals,animals,supersuper
22,pets,mouse,short,rodents,rodents,diff
22,pets,snake,long,animals,animals,supersuper
23,readings,novel,long,books,books,intermediate
23,readings,novel,short,books,books,intermediate
23,readings,story,long,books,books,intermediate
24,vehicles,limousine,long,cars,cars,intermediate
24,vehicles,limousine,short,car,cars,intermediate
24,vehicles,limousine,short,cars,cars,intermediate
24,vehicles,pick-up truck,long,cars,cars,intermediate
24,vehicles,pick-up truck,long,truck,trucks,intermediate
24,vehicles,pick-up truck,long,trucks,trucks,intermediate
24,vehicles,pick-up truck,long,trucks.,trucks,intermediate
24,vehicles,pick-up truck,short,truck,trucks,intermediate
24,vehicles,pick-up truck,short,trucks,trucks,intermediate
24,vehicles,smartcar,long,automobiles,cars,intermediate
24,vehicles,smartcar,long,car,cars,intermediate
24,vehicles,smartcar,long,cars,cars,intermediate
24,vehicles,smartcar,short,cars,cars,intermediate
25,entertainment,documentary,long,films,films,intermediate
25,entertainment,documentary,long,movies,movie,intermediate
25,entertainment,documentary,long,shows,shows,intermediate
25,entertainment,documentary,short,films,films,intermediate
25,entertainment,documentary,short,movies,movie,intermediate
25,entertainment,documentary,short,shows,shows,intermediate
25,entertainment,movie,short,films,films,intermediate
25,entertainment,sitcom,long,programs,programs,super
25,entertainment,sitcom,long,shows,shows,intermediate
25,entertainment,sitcom,short,movie,movie,intermediate
25,entertainment,sitcom,short,movies,movie,intermediate
25,entertainment,sitcom,short,programs,programs,super
25,entertainment,sitcom,short,shows,shows,intermediate
25,entertainment,sitcom,short,tv shows,tv shows,intermediate
26,roads,alley,long,streets,streets,super
26,roads,alley,short,routes,routes,supersuper
26,roads,alley,short,streets,streets,super
26,roads,highway,long,routes,routes,supersuper
26,roads,highway,short,distance,distance,scale
26,roads,highway,short,distances,distance,scale
26,roads,highway,short,routes,routes,supersuper
26,roads,street,long,routes,routes,supersuper
26,roads,street,short,distances,distance,scale
26,roads,street,short,routes,routes,supersuper
28,audios,opera,long,performances,performances,supersuper
28,audios,opera,long,songs,songs,intermediate
28,audios,opera,short,performances,performances,supersuper
28,audios,opera,short,songs,songs,intermediate
29,concerts,choral concert,loud,music,music,supersuper
29,concerts,choral concert,loud,noise,noise,supersuper
29,concerts,choral concert,loud,places,places,diff
29,concerts,choral concert,loud,sounds,sounds,scale
29,concerts,choral concert,quiet,music,music,supersuper
29,concerts,rap concert,loud,music,music,supersuper
29,concerts,rap concert,loud,places,places,diff
29,concerts,rock concert,loud,music,music,supersuper
29,concerts,rock concert,loud,noises,noise,supersuper
29,concerts,rock concert,loud,noises.,noise,supersuper
29,concerts,rock concert,loud,places,places,diff
29,concerts,rock concert,loud,sounds,sounds,scale
30,venue,church,noisy,buildings,buildings,super
30,venue,church,noisy,environments,environment,supersuper
30,venue,church,noisy,places,places,supersuper
30,venue,church,quiet,buildings,buildings,super
30,venue,church,quiet,indoor spaces,indoor spaces,intermediate
30,venue,church,quiet,locations,locations,supersuper
30,venue,church,quiet,places,places,supersuper
30,venue,conference center,noisy,buildings,buildings,super
30,venue,conference center,noisy,centers,centers,diff
30,venue,conference center,noisy,environments,environment,supersuper
30,venue,conference center,noisy,locations,locations,supersuper
30,venue,conference center,noisy,places,places,supersuper
30,venue,conference center,noisy,rooms,room,intermediate
30,venue,conference center,quiet,buildings,buildings,super
30,venue,conference center,quiet,centers,centers,diff
30,venue,conference center,quiet,locations,locations,supersuper
30,venue,conference center,quiet,places,places,supersuper
30,venue,conference center,quiet,rooms,room,intermediate
30,venue,party,noisy,indoor spaces,indoor spaces,intermediate
30,venue,party,noisy,locations,locations,supersuper
30,venue,party,noisy,places,places,supersuper
30,venue,party,noisy,rooms,room,intermediate
30,venue,party,quiet,buildings,buildings,super
30,venue,party,quiet,environment,environment,supersuper
31,pets,cat,loud,animals,animals,supersuper
31,pets,cat,loud,sounds,sounds,scale
31,pets,cat,quiet,animals,animals,supersuper
31,pets,fish,loud,sound,sounds,scale
31,pets,fish,quiet,animals,animals,supersuper
31,pets,fish,quiet,noises,noise,scale
31,pets,parrot,loud,animals,animals,supersuper
31,pets,parrot,loud,birds,birds,diff
31,pets,parrot,loud,sounds,sounds,scale
31,pets,parrot,quiet,animals,animals,supersuper
31,pets,parrot,quiet,birds,birds,diff
32,venues,concert,noisy,buildings,buildings,super
32,venues,concert,noisy,places,places,supersuper
32,venues,concert,noisy,saturday nights,saturday night,diff
32,venues,concert,quiet,night,night,diff
32,venues,library,noisy,locations,locations,supersuper
32,venues,library,noisy,nights,night,diff
32,venues,library,noisy,places,places,supersuper
32,venues,library,noisy,rooms,room,intermediate
32,venues,library,noisy,saturday nights,saturday night,diff
32,venues,library,quiet,buildings,buildings,super
32,venues,library,quiet,locations,locations,supersuper
32,venues,library,quiet,places,places,supersuper
32,venues,library,quiet,rooms,room,intermediate
32,venues,restaurant,noisy,places,places,supersuper
32,venues,restaurant,quiet,nights,night,diff
32,venues,restaurant,quiet,places,places,supersuper
32,venues,restaurant,quiet,rooms,room,intermediate
32,venues,restaurant,quiet,saturday nights,saturday night,diff
33,birds,crow,loud,animals,animals,supersuper
33,birds,crow,loud,bird sounds,bird sounds,super
33,birds,crow,loud,sound,sounds,scale
33,birds,crow,loud,sounds,sounds,scale
33,birds,crow,quiet,sounds,sounds,scale
33,birds,finch,loud,animals,animals,supersuper
33,birds,finch,loud,noises,noise,scale
33,birds,finch,loud,sounds,sounds,scale
33,birds,finch,quiet,animals,animals,supersuper
33,birds,rooster,loud,animals,animals,supersuper
33,birds,rooster,loud,noises,noise,scale
33,birds,rooster,loud,sounds,sounds,scale
33,birds,rooster,quiet,animals,animals,supersuper
33,birds,rooster,quiet,sounds,sounds,scale
34,instruments,guitar,loud,music,music,diff
34,instruments,guitar,loud,noise,noise,scale
34,instruments,guitar,loud,noises,noise,scale
34,instruments,guitar,loud,sounds,sounds,scale
34,instruments,guitar,quiet,music,music,diff
34,instruments,guitar,quiet,sounds,sounds,scale
34,instruments,harp,loud,noises,noise,scale
34,instruments,harp,loud,sounds,sounds,scale
34,instruments,harp,quiet,music,music,diff
34,instruments,harp,quiet,sounds,sounds,scale
34,instruments,horn,loud,noises,noise,scale
34,instruments,horn,loud,sounds,sounds,scale
34,instruments,horn,quiet,music,music,diff
35,people,adult,loud,noises,noise,scale
35,people,baby,loud,noises,noise,scale
35,people,teenager,quiet,noises,noise,scale
36,places,city,noisy,towns,towns,intermediate
36,places,town,quiet,cities,city,intermediate
36,places,village,noisy,towns,towns,intermediate
36,places,village,quiet,cities,city,intermediate
36,places,village,quiet,towns,towns,intermediate
37,vehicles,car,loud,sound,sounds,scale
37,vehicles,electric car,loud,car,cars,intermediate
37,vehicles,electric car,loud,cars,cars,intermediate
37,vehicles,electric car,quiet,car,cars,intermediate
37,vehicles,electric car,quiet,cars,cars,intermediate
37,vehicles,tractor,loud,sound,sounds,scale
37,vehicles,tractor,loud,sounds,sounds,scale
38,birds,mockingbird,loud,noises,noise,scale
38,birds,mockingbird,loud,sounds,sounds,scale
38,birds,mockingbird,quiet,sounds in the forest,sounds in the forest,supersuper
38,birds,owl,loud,animals,animals,supersuper
38,birds,owl,loud,sounds in the forest,sounds in the forest,supersuper
38,birds,owl,quiet,animals,animals,supersuper
38,birds,owl,quiet,sounds in the forest,sounds in the forest,supersuper
38,birds,woodpecker,loud,noises,noise,scale
38,birds,woodpecker,loud,sounds,sounds,scale
38,birds,woodpecker,loud,sounds in the forest,sounds in the forest,supersuper
38,birds,woodpecker,quiet,noises,noise,scale
38,birds,woodpecker,quiet,sounds,sounds,scale
39,boats,powerboat,loud,motors,motors,supersuper
39,boats,powerboat,loud,sounds,sounds,scale
39,boats,rowboat,loud,sounds,sounds,scale
39,boats,rowboat,quiet,motors,motors,supersuper
39,boats,sailboat,loud,sound,sounds,scale
39,boats,sailboat,loud,sounds,sounds,scale
39,boats,sailboat,quiet,motors,motors,supersuper
40,guitars,acoustic guitar,loud,inatruments,instruments,supersuper
40,guitars,acoustic guitar,loud,instruments,instruments,supersuper
40,guitars,acoustic guitar,loud,music,music,diff
40,guitars,acoustic guitar,loud,musical instruments,musical instruments,supersuper
40,guitars,acoustic guitar,loud,sounds,sounds,scale
40,guitars,acoustic guitar,quiet,instruments,instruments,supersuper
40,guitars,bass guitar,loud,instruments,instruments,supersuper
40,guitars,bass guitar,loud,musical instruments,musical instruments,supersuper
40,guitars,bass guitar,loud,sounds,sounds,scale
40,guitars,bass guitar,quiet,instruments,instruments,supersuper
40,guitars,bass guitar,quiet,music,music,diff
40,guitars,bass guitar,quiet,musical instruments,musical instruments,supersuper
40,guitars,bass guitar,quiet,stringed instruments,string instruments,supersuper
40,guitars,ukelele,loud,instruents,instruments,supersuper
40,guitars,ukelele,loud,instruments,instruments,supersuper
40,guitars,ukelele,loud,instruments.,instruments,supersuper
40,guitars,ukelele,loud,music,music,diff
40,guitars,ukelele,loud,musical instruments,musical instruments,supersuper
40,guitars,ukelele,loud,string instruments,string instruments,supersuper
40,guitars,ukelele,quiet,instruments,instruments,supersuper
40,guitars,ukelele,quiet,instruments.,instruments,supersuper
40,guitars,ukelele,quiet,instuments,instruments,supersuper
40,guitars,ukelele,quiet,music,music,diff
40,guitars,ukelele,quiet,musical instruments,musical instruments,supersuper
40,guitars,ukelele,quiet,string instuments,string instruments,supersuper
41,statues,bronze,cheap,decorations,decoration,supersuper
41,statues,bronze,cheap,materials,materials,super
41,statues,bronze,cheap,metal,metal,intermediate
41,statues,bronze,expensive,decorations,decoration,supersuper
41,statues,bronze,expensive,items in the shop,items in the shop,supersuper
41,statues,bronze,expensive,metals,metal,intermediate
41,statues,plastic,cheap,decor,decoration,supersuper
41,statues,plastic,cheap,decorations,decoration,supersuper
41,statues,plastic,cheap,decors,decoration,supersuper
41,statues,plastic,cheap,materials,materials,super
41,statues,plastic,expensive,decor,decoration,supersuper
41,statues,plastic,expensive,decorations,decoration,supersuper
41,statues,platinum,cheap,decor,decoration,supersuper
41,statues,platinum,cheap,decorations,decoration,supersuper
41,statues,platinum,cheap,materials,materials,super
41,statues,platinum,cheap,metals,metal,intermediate
41,statues,platinum,expensive,decorations,decoration,supersuper
41,statues,platinum,expensive,items in the shop,items in the shop,supersuper
41,statues,platinum,expensive,materials,materials,super
41,statues,platinum,expensive,metals,metal,intermediate
42,rentals,apartment,cheap,places,places,supersuper
42,rentals,apartment,cheap,places to live.,places to live,supersuper
42,rentals,apartment,expensive,homes,house,supersuper
42,rentals,apartment,expensive,house,house,supersuper
42,rentals,apartment,expensive,places,places,supersuper
42,rentals,apartment,expensive,places to live,places to live,supersuper
42,rentals,villa,cheap,homes,house,supersuper
42,rentals,villa,cheap,houses,house,supersuper
42,rentals,villa,cheap,places,places,supersuper
42,rentals,villa,cheap,places to live,places to live,supersuper
42,rentals,villa,expensive,homes,house,supersuper
42,rentals,villa,expensive,houses,house,supersuper
42,rentals,villa,expensive,places to live,places to live,supersuper
44,spices,garlic,cheap,prices,price,scale
44,spices,garlic,cheap,stores,shops,diff
44,spices,garlic,expensive,condiments,condiments,diff
44,spices,garlic,expensive,stores,shops,diff
44,spices,saffron,cheap,prices,price,scale
44,spices,saffron,expensive,condiments,condiments,diff
44,spices,saffron,expensive,price,price,scale
44,spices,saffron,expensive,products,product,supersuper
44,spices,salt,cheap,condiments,condiments,diff
44,spices,salt,cheap,prices,price,scale
44,spices,salt,cheap,products,product,supersuper
44,spices,salt,cheap,stores,shops,diff
44,spices,salt,expensive,products,product,supersuper
44,spices,salt,expensive,stores,shops,diff
45,bracelets,gold,cheap,jewelry,jewelry,supersuper
45,bracelets,gold,expensive,jewelry,jewelry,supersuper
45,bracelets,metal,cheap,jewelry,jewelry,supersuper
45,bracelets,metal,expensive,jewelery,jewelry,supersuper
45,bracelets,metal,expensive,jewelry,jewelry,supersuper
45,bracelets,plastic,cheap,jewelry,jewelry,supersuper
45,bracelets,plastic,expensive,jewelry,jewelry,supersuper
45,bracelets,plastic,expensive,jewlery,jewelry,supersuper
47,berries,boysenberries,cheap,fruit,fruit,supersuper
47,berries,boysenberries,cheap,fruits,fruit,supersuper
47,berries,boysenberries,expensive,foods,food,supersuper
47,berries,boysenberries,expensive,fruit,fruit,supersuper
47,berries,boysenberries,expensive,fruits,fruit,supersuper
47,berries,raspberries,cheap,fruit,fruit,supersuper
47,berries,raspberries,cheap,fruits,fruit,supersuper
47,berries,raspberries,cheap,stores,shops,diff
47,berries,raspberries,expensive,fruit,fruit,supersuper
47,berries,raspberries,expensive,fruits,fruit,supersuper
47,berries,raspberries,expensive,stores,shops,diff
47,berries,strawberries,cheap,fruit,fruit,supersuper
47,berries,strawberries,cheap,fruits,fruit,supersuper
47,berries,strawberries,cheap,stores,shops,diff
47,berries,strawberries,expensive,foods,food,supersuper
47,berries,strawberries,expensive,fruit,fruit,supersuper
47,berries,strawberries,expensive,fruits,fruit,supersuper
48,meat,chicken,cheap,butcher shops,butcher shops,diff
48,meat,chicken,cheap,food,food,supersuper
48,meat,chicken,cheap,foods,food,supersuper
48,meat,chicken,expensive,butcher shops,butcher shops,diff
48,meat,chicken,expensive,butchershops,butcher shops,diff
48,meat,chicken,expensive,food,food,supersuper
48,meat,pork,cheap,butchershops,butcher shops,diff
48,meat,pork,expensive,butchershops,butcher shops,diff
48,meat,steak,cheap,food,food,supersuper
48,meat,steak,expensive,butchershops,butcher shops,diff
48,meat,steak,expensive,food,food,supersuper
48,meat,steak,expensive,foods,food,supersuper
49,alcoholic drinks,bottle of top-shelf liquor,cheap,stores,shops,diff
49,alcoholic drinks,bottle of top-shelf liquor,expensive,bottles,bottles,sub
49,alcoholic drinks,bottle of wine,cheap,bottles,bottles,sub
49,alcoholic drinks,six-pack of beer,cheap,stores,shops,diff
49,alcoholic drinks,six-pack of beer,expensive,stores,shops,diff
50,restaurants,Chinese restaurant,cheap,dinner,dinner,supersuper
50,restaurants,Chinese restaurant,cheap,dinners,dinner,supersuper
50,restaurants,Chinese restaurant,cheap,food,food,supersuper
50,restaurants,Chinese restaurant,cheap,menu,menu,supersuper
50,restaurants,Chinese restaurant,cheap,menus,menu,supersuper
50,restaurants,Chinese restaurant,cheap,places for dinner,places for dinner,super
50,restaurants,Chinese restaurant,cheap,restaurant prices,restaurant price,super
50,restaurants,Chinese restaurant,expensive,dinner,dinner,supersuper
50,restaurants,Chinese restaurant,expensive,dinners,dinner,supersuper
50,restaurants,Japanese restaurant,cheap,dinner,dinner,supersuper
50,restaurants,Japanese restaurant,cheap,food,food,supersuper
50,restaurants,Japanese restaurant,cheap,menus,menu,supersuper
50,restaurants,Japanese restaurant,cheap,places for dinner,places for dinner,super
50,restaurants,Japanese restaurant,expensive,dinner,dinner,supersuper
50,restaurants,Japanese restaurant,expensive,menus,menu,supersuper
50,restaurants,Japanese restaurant,expensive,restaurant prices,restaurant price,super
50,restaurants,Korean restaurant,cheap,food,food,supersuper
50,restaurants,Korean restaurant,cheap,places for dinner,places for dinner,super
50,restaurants,Korean restaurant,expensive,menu,menu,supersuper
50,restaurants,Korean restaurant,expensive,menus,menu,supersuper
50,restaurants,Korean restaurant,expensive,restaurant prices,restaurant price,super
51,plants,bush,small,stores,shops,diff
51,plants,flower,big,stores,shops,diff
51,plants,tree,big,stores,shops,diff
54,fruit,kumquat,small,vegetables,vegetables,super
54,fruit,watermelon,big,melons,melons,intermediate
55,fish,herring,big,animals,animals,supersuper
55,fish,herring,big,birds,birds,super
55,fish,herring,small,animals,animals,supersuper
55,fish,herring,small,birds,birds,super
55,fish,shark,big,animals,animals,supersuper
55,fish,shark,small,animals,animals,supersuper
56,vehicles,sedan,big,cars,cars,intermediate
56,vehicles,sedan,small,automobiles,cars,intermediate
56,vehicles,sedan,small,cars,cars,intermediate
56,vehicles,smartcar,big,cars,cars,intermediate
56,vehicles,smartcar,small,automobiles,cars,intermediate
56,vehicles,smartcar,small,car's,cars,intermediate
56,vehicles,smartcar,small,cars,cars,intermediate
56,vehicles,truck,big,cars,cars,intermediate
56,vehicles,truck,small,cars,cars,intermediate
59,people,jogger,fast,runners,runners,intermediate
59,people,jogger,slow,other runners,runners,intermediate
59,people,jogger,slow,runners,runners,intermediate
61,cookware,crockpot,quick,appliances,appliances,supersuper
61,cookware,crockpot,quick,cooking appliances,cooking appliances,super
61,cookware,crockpot,quick,cooking methods,cooking methods,super
61,cookware,crockpot,quick,dinners,dinner,diff
61,cookware,crockpot,quick,meals,meals,diff
61,cookware,crockpot,quick,methods of cooking,methods of cooking,super
61,cookware,crockpot,quick,pots,pots,intermediate
61,cookware,crockpot,slow,appliances,appliances,supersuper
61,cookware,crockpot,slow,cooking methods,cooking methods,super
61,cookware,crockpot,slow,cooking methods.,cooking methods,super
61,cookware,crockpot,slow,meals,meals,diff
61,cookware,crockpot,slow,methods,methods,super
61,cookware,crockpot,slow,methods of cooking,methods of cooking,super
61,cookware,crockpot,slow,pots,pots,intermediate
61,cookware,frying pan,quick,cooking methods,cooking methods,super
61,cookware,frying pan,quick,dinner,dinner,diff
61,cookware,frying pan,quick,dinners,dinner,diff
61,cookware,frying pan,quick,meals,meals,diff
61,cookware,frying pan,quick,methods,methods,super
61,cookware,frying pan,quick,methods of cooking,methods of cooking,super
61,cookware,frying pan,quick,pans,pans,intermediate
61,cookware,frying pan,quick,pots,pots,intermediate
61,cookware,frying pan,slow,cooking appliances,cooking appliances,super
61,cookware,frying pan,slow,cooking methods,cooking methods,super
61,cookware,frying pan,slow,dinner,dinner,diff
61,cookware,frying pan,slow,dinners,dinner,diff
61,cookware,frying pan,slow,pans,pans,intermediate
61,cookware,frying pan,slow,pots,pots,intermediate
61,cookware,frying pan,slow,stoves,stoves,intermediate
61,cookware,instant pot,quick,cooking appliances,cooking appliances,super
61,cookware,instant pot,quick,cooking methods,cooking methods,super
61,cookware,instant pot,quick,dinners,dinner,diff
61,cookware,instant pot,quick,meals,meals,diff
61,cookware,instant pot,quick,methods of cooking,methods of cooking,super
61,cookware,instant pot,quick,pots,pots,intermediate
61,cookware,instant pot,slow,cooking methods,cooking methods,super
61,cookware,instant pot,slow,methods,methods,super
61,cookware,instant pot,slow,methods of cooking,methods of cooking,super
61,cookware,instant pot,slow,pots,pots,intermediate
62,vehicles,motorcycle,slow,cars,cars,intermediate
62,vehicles,truck,fast,cars,cars,intermediate
62,vehicles,truck,slow,cars,cars,intermediate
64,pets,cat,quick,animals,animals,supersuper
64,pets,cat,slow,animals,animals,supersuper
64,pets,rabbit,quick,animals,animals,supersuper
64,pets,rabbit,slow,animals,animals,supersuper
64,pets,turtle,slow,animals,animals,supersuper
65,people,adult,quick,walkers,walkers,intermediate
65,people,adult,quick,walks,walks,intermediate
65,people,adult,slow,person,person,super
65,people,adult,slow,walkers,walkers,intermediate
65,people,child,quick,child,kid,sub
65,people,child,quick,children,kidren,sub
65,people,child,quick,kids,kids,sub
65,people,child,slow,child,kid,sub
65,people,child,slow,children,kidren,sub
65,people,child,slow,kids,kids,sub
65,people,child,slow,walkers,walkers,intermediate
65,people,elderly person,quick,person,person,super
65,people,elderly person,quick,walkers,walkers,intermediate
65,people,elderly person,quick,walks,walks,intermediate
65,people,elderly person,slow,person,person,super
65,people,elderly person,slow,walkers,walkers,intermediate
66,aircrafts,glider,fast,planes,plane,intermediate
66,aircrafts,glider,fast,things in the sky,things in the sky,supersuper
66,aircrafts,glider,slow,planes,plane,intermediate
66,aircrafts,helicopter,fast,things in the sky,things in the sky,supersuper
66,aircrafts,helicopter,fast,vehicles,vehicles,diff
66,aircrafts,helicopter,slow,planes,plane,intermediate
66,aircrafts,helicopter,slow,vehicles,vehicles,diff
66,aircrafts,plane,fast,vehicles,vehicles,diff
66,aircrafts,plane,slow,vehicles,vehicles,diff
67,people,child,strong,children,kidren,sub
67,people,child,strong,kids,kids,sub
67,people,child,weak,children,kidren,sub
67,people,teenager,strong,kids,kids,sub
68,storms,hurricane,strong,weather,weather,supersuper
68,storms,rain shower,strong,weather,weather,supersuper
68,storms,thunderstorm,strong,weather,weather,supersuper
69,athletes,cyclist,strong,human beings,people,supersuper
69,athletes,cyclist,strong,people,people,supersuper
69,athletes,cyclist,strong,person,person,supersuper
69,athletes,cyclist,weak,lifters,lifters,diff
69,athletes,cyclist,weak,people,people,supersuper
69,athletes,cyclist,weak,other weight lifters,weight lifters,diff
69,athletes,cyclist,weak,weight lifters,weight lifters,diff
69,athletes,cyclist,weak,weightlifters,weightlifters,diff
69,athletes,golfer,strong,people,people,supersuper
69,athletes,golfer,strong,person,person,supersuper
69,athletes,golfer,strong,weightlifters,weightlifters,diff
69,athletes,golfer,weak,people,people,supersuper
69,athletes,golfer,weak,weight lifters,weight lifters,diff
69,athletes,golfer,weak,weightlifters,weightlifters,diff
69,athletes,wrestler,strong,humans,people,supersuper
69,athletes,wrestler,strong,people,people,supersuper
69,athletes,wrestler,strong,person,person,supersuper
69,athletes,wrestler,strong,weight lifters,weight lifters,diff
69,athletes,wrestler,strong,weightlifters,weightlifters,diff
69,athletes,wrestler,weak,lifters,lifters,diff
69,athletes,wrestler,weak,people,people,supersuper
69,athletes,wrestler,weak,weight lifters,weight lifters,diff
69,athletes,wrestler,weak,weightlifters,weightlifters,diff
70,paints,oil paint,strong,colors,color,scale
70,paints,oil paint,strong,paint colors,paint color,super
70,paints,oil paint,weak,paintings,paintings,diff
70,paints,wall paint,strong,colors,color,scale
70,paints,wall paint,weak,colors,color,scale
70,paints,wall paint,weak,paint colors,paint color,super
70,paints,wall paint,weak,paint colours,paint color,super
70,paints,wall paint,weak,paintings,paintings,diff
70,paints,watercolor,strong,colors,color,scale
70,paints,watercolor,weak,colors,color,scale
70,paints,watercolor,weak,paintings,paintings,diff
71,walls,condo,strong,structures,structures,supersuper
71,walls,condo,weak,buildings,buildings,supersuper
71,walls,mansion,strong,buildings,buildings,supersuper
71,walls,mansion,strong,houses,house,supersuper
71,walls,mansion,weak,building,buildings,supersuper
71,walls,mansion,weak,houses,house,supersuper
71,walls,mansion,weak,structures,structures,supersuper
72,food,ice cream,cold,days,days,diff
72,food,ice cream,cold,desserts,desserts,intermediate
72,food,ice cream,warm,days,days,diff
72,food,ice cream,warm,desserts,desserts,intermediate
72,food,salad,warm,dishes,dishes,intermediate
72,food,soup,cold,dishes,dishes,intermediate
72,food,soup,warm,dishes,dishes,intermediate
73,drinks,coffee,hot,liquids,liquids,supersuper
73,drinks,juice,cold,liquids,liquids,supersuper
73,drinks,juice,cold,temperatures,temperature,scale
73,drinks,juice,hot,liquids,liquids,supersuper
73,drinks,juice,hot,temperatures,temperature,scale
73,drinks,milkshake,cold,temperatures,temperature,scale
73,drinks,milkshake,hot,day,days,diff
73,drinks,milkshake,hot,days,days,diff
74,seasons,fall,cold,days,days,diff
74,seasons,fall,warm,day,days,diff
74,seasons,fall,warm,days,days,diff
74,seasons,fall,warm,weather,weather,diff
74,seasons,summer,cold,days,days,diff
74,seasons,summer,cold,weather,weather,diff
74,seasons,summer,warm,day,days,diff
74,seasons,summer,warm,days,days,diff
74,seasons,summer,warm,weather,weather,diff
74,seasons,winter,cold,days,days,diff
74,seasons,winter,cold,weather,weather,diff
74,seasons,winter,warm,days,days,diff
75,locations,freezer,cold,appliances,appliances,intermediate
75,locations,freezer,cold,places,places,super
75,locations,freezer,cold,temperatures,temperature,scale
75,locations,freezer,warm,places,places,super
75,locations,oven,warm,appliances,appliances,intermediate
75,locations,oven,warm,parts of the kitchen,parts of the kitchen,super
75,locations,oven,warm,temperatures,temperature,scale
75,locations,pantry,cold,parts of the kitchen,parts of the kitchen,super
75,locations,pantry,cold,places,places,super
75,locations,pantry,cold,rooms,room,super
75,locations,pantry,cold,temperatures,temperature,scale
75,locations,pantry,warm,parts of the kitchen,parts of the kitchen,super
75,locations,pantry,warm,places,places,super
75,locations,pantry,warm,rooms,room,super
75,locations,pantry,warm,temperatures,temperature,scale
76,places,ice rink,cold,buildings,buildings,super
76,places,ice rink,cold,days,days,diff
76,places,ice rink,cold,locations,locations,super
76,places,ice rink,cold,rinks,rinks,sub
76,places,ice rink,cold,saturdays,saturday,diff
76,places,ice rink,cold,venues,venues,super
76,places,ice rink,hot,buildings,buildings,super
76,places,ice rink,hot,day's,days,diff
76,places,ice rink,hot,days,days,diff
76,places,ice rink,hot,rinks,rinks,super
76,places,ice rink,hot,saturday's,saturday,diff
76,places,ice rink,hot,temperature,temperature,scale
76,places,ice rink,hot,venues,venues,super
76,places,ice rink,hot,weather,weather,supersuper
76,places,sauna,cold,day,days,diff
76,places,sauna,cold,days,days,diff
76,places,sauna,cold,rooms,room,intermediate
76,places,sauna,cold,saturdays,saturday,diff
76,places,sauna,hot,days,days,diff
76,places,sauna,hot,locations,locations,super
76,places,sauna,hot,rooms,room,intermediate
76,places,sauna,hot,temperatures.,temperature,scale
76,places,shopping mall,cold,buildings,buildings,super
76,places,shopping mall,cold,days,days,diff
76,places,shopping mall,cold,other days,days,diff
76,places,shopping mall,cold,locations,locations,super
76,places,shopping mall,cold,saturday,saturday,diff
76,places,shopping mall,cold,stores,shops,intermediate
76,places,shopping mall,cold,temperatures,temperature,scale
76,places,shopping mall,hot,buildings,buildings,super
76,places,shopping mall,hot,day,days,diff
76,places,shopping mall,hot,days,days,diff
76,places,shopping mall,hot,locations,locations,super
76,places,shopping mall,hot,saturdays,saturday,diff
76,places,shopping mall,hot,temperatures,temperature,scale
76,places,shopping mall,hot,weather,weather,supersuper
77,food,chocolate fondue,cold,chocolate,chocolate,intermediate
77,food,chocolate fondue,cold,chocolates,chocolate,intermediate
77,food,chocolate fondue,cold,deserts,desserts,intermediate
77,food,chocolate fondue,cold,desserts,desserts,intermediate
77,food,chocolate fondue,cold,restaurants.,restaurants,diff
77,food,chocolate fondue,hot,chocholate,chocolate,intermediate
77,food,chocolate fondue,hot,chocolate,chocolate,intermediate
77,food,chocolate fondue,hot,chocolates,chocolate,intermediate
77,food,chocolate fondue,hot,desserts,desserts,intermediate
77,food,chocolate fondue,hot,drinks,drinks,intermediate
77,food,muffin,hot,desserts,desserts,intermediate
77,food,smoothie,cold,beverages,drinks,intermediate
77,food,smoothie,cold,drinks,drinks,intermediate
77,food,smoothie,cold,restaurants,restaurants,diff
77,food,smoothie,hot,days,days,diff
77,food,smoothie,hot,beverages,drinks,intermediate
77,food,smoothie,hot,drinks,drinks,intermediate
77,food,smoothie,hot,restaurants,restaurants,diff
79,people,adult,heavy,objects,objects,supersuper
79,people,baby,heavy,objects,objects,supersuper
79,people,baby,light,objects,objects,supersuper
79,people,kid,heavy,objects,objects,supersuper
80,electronic devices,laptop,heavy,objects,objects,supersuper
80,electronic devices,printer,heavy,objects,objects,supersuper
80,electronic devices,printer,heavy,other objects,objects,supersuper
80,electronic devices,printer,light,electronics,electronics,super
81,furniture,chair,heavy,items,items,supersuper
81,furniture,chair,heavy,objects,objects,supersuper
81,furniture,couch,heavy,objects,objects,supersuper
81,furniture,couch,heavy,things,things,supersuper
81,furniture,trash can,heavy,items,items,supersuper
81,furniture,trash can,heavy,objects,objects,supersuper
81,furniture,trash can,heavy,things,things,supersuper
81,furniture,trash can,light,objects,objects,supersuper
81,furniture,trash can,light,things,things,supersuper
83,materials,cotton,heavy,cloths,clothes,diff
83,materials,cotton,heavy,fabric,fabric,super
83,materials,cotton,heavy,fabrics,fabric,super
83,materials,cotton,light,fabric,fabric,super
83,materials,cotton,light,fabrics,fabric,super
83,materials,cotton,light,objects,objects,supersuper
83,materials,silk,heavy,cloth,cloth,intermediate
83,materials,silk,heavy,clothes,clothes,diff
83,materials,silk,heavy,fabric,fabric,super
83,materials,silk,heavy,fabrics,fabric,super
83,materials,silk,light,cloth,cloth,intermediate
83,materials,silk,light,fabric,fabric,super
83,materials,silk,light,fabrics,fabric,super
83,materials,silk,light,other fabrics,fabric,super
83,materials,wool,heavy,cloth,cloth,intermediate
83,materials,wool,heavy,clothes,clothes,diff
83,materials,wool,heavy,fabric,fabric,super
83,materials,wool,heavy,fabrics,fabric,super
83,materials,wool,light,cloth,cloth,intermediate
83,materials,wool,light,fabric,fabric,super
83,materials,wool,light,fabrics,fabric,super
84,vehicles,motorcycle,heavy,bikes,bikes,intermediate
84,vehicles,motorcycle,light,bikes,bikes,intermediate
84,vehicles,truck,heavy,automobiles,cars,intermediate
84,vehicles,truck,heavy,cars,cars,intermediate
85,fruit,orange,light,objects,objects,supersuper
85,fruit,plum,light,objects,objects,supersuper
85,fruit,watermelon,heavy,melons,melons,intermediate
85,fruit,watermelon,light,melons,melons,intermediate
86,dens,bear den,narrow,habitats,habitats,supersuper
86,dens,bear den,narrow,spaces,spaces,scale
86,dens,bear den,wide,habitats,habitats,supersuper
86,dens,bear den,wide,openings,openings,super
86,dens,bear den,wide,spaces,spaces,scale
86,dens,fox den,narrow,burrows,holes,super
86,dens,fox den,narrow,holes,holes,super
86,dens,fox den,narrow,openings,openings,super
86,dens,fox den,narrow,spaces,spaces,scale
86,dens,fox den,wide,holes,holes,super
86,dens,mouse den,narrow,habitats,habitats,supersuper
86,dens,mouse den,narrow,holes,holes,super
87,roads,downtown street,narrow,street,streets,super
87,roads,downtown street,narrow,streets,streets,super
87,roads,downtown street,wide,street,streets,super
87,roads,downtown street,wide,streets,streets,super
87,roads,highway,narrow,streets,streets,super
87,roads,highway,wide,streets,streets,super
87,roads,side road,narrow,streets,streets,super
87,roads,side road,wide,streets,streets,super
88,waterways,creek,narrow,bank,bank,diff
88,waterways,creek,narrow,banks,bank,diff
88,waterways,creek,narrow,bodies of water,bodies of water,supersuper
88,waterways,creek,narrow,rivers,rivers,intermediate
88,waterways,creek,wide,rivers,rivers,intermediate
88,waterways,river,narrow,banks,bank,diff
88,waterways,stream,narrow,bank,bank,diff
88,waterways,stream,narrow,bodys of water,bodies of water,supersuper
88,waterways,stream,narrow,rivers,rivers,intermediate
88,waterways,stream,wide,bank,bank,diff
88,waterways,stream,wide,banks,bank,diff
88,waterways,stream,wide,bodies of water,bodies of water,supersuper
88,waterways,stream,wide,rivers,rivers,intermediate
89,roads,boulevard,narrow,streets,streets,super
89,roads,boulevard,narrow,walkways,walkways,intermediate
89,roads,boulevard,wide,streets,streets,super
89,roads,boulevard,wide,walkways,walkways,intermediate
89,roads,country lane,narrow,lane,lane,intermediate
89,roads,country lane,narrow,lanes,lanes,intermediate
89,roads,country lane,narrow,streets,streets,super
89,roads,country lane,wide,lane,lane,intermediate
89,roads,country lane,wide,lanes,lanes,intermediate
89,roads,country lane,wide,other streets,streets,super
90,doorways,back door,narrow,doors,doors,super
90,doorways,back door,narrow,house,house,diff
90,doorways,back door,wide,doors,doors,super
90,doorways,back door,wide,houses,house,diff
90,doorways,back door,wide,pieces of furniture,pieces of furniture,diff
90,doorways,front gate,narrow,gate,gate,intermediate
90,doorways,front gate,narrow,gates,gate,intermediate
90,doorways,front gate,narrow,houses,house,diff
90,doorways,front gate,wide,gate,gate,intermediate
90,doorways,front gate,wide,gates,gate,intermediate
90,doorways,front gate,wide,house,house,diff
90,doorways,front gate,wide,houses,house,diff
90,doorways,patio door,narrow,doors,doors,super
90,doorways,patio door,narrow,house,house,diff
90,doorways,patio door,wide,doors,doors,super
90,doorways,patio door,wide,pieces of furniture,pieces of furniture,diff