language,enjoyment,asses,age,gender,education,comments,problems,fairprice,workerid
English,1,Yes,28,Male,2,,No,It was ok,workerid_0001
English,2,Yes,65,Male,3,none,none,1.75,workerid_0002
English,1,Yes,28,Male,1,,"No, everything seemed to work as intended.",It was alright.,workerid_0003
English,2,Yes,42,Male,2,"This was fun, thank you",Not at all,1.50,workerid_0004
english,1,Yes,28,Male,3,no,no,5,workerid_0005
english,1,Yes,34,Male,0,,,"no, too low",workerid_0006
english,2,Yes,32,Male,2,,,1.50,workerid_0007
English,1,Yes,55,Female,1,,no,1.50,workerid_0008
English,1,Yes,23,Male,3,,No,Yes,workerid_0009
English,2,Yes,28,Male,2,,no,2,workerid_0010
English,1,Yes,33,Female,3,,No.,$1.50-$2.00,workerid_0011
English,2,Yes,23,Male,2,It is a fun hit.,No.,Yes,workerid_0012
English,2,Yes,43,Female,2,,no,yes,workerid_0013
english,1,Yes,25,Male,3,none,no,1.50,workerid_0014
English,2,Yes,40,Female,3,,no,1.50,workerid_0015
English,2,Yes,5050,Male,3,It was pretty easy,None,Yes,workerid_0016
English,1,Yes,39,Male,2,,,1.50,workerid_0017
English,2,Yes,40,Male,3,The survey was clear and concise.,No,2,workerid_0018
English,2,Yes,22,Male,3,Very knowledgeable of this survey.,no,I think very fair about the work,workerid_0019
english,2,Yes,26,Female,3,,no,2.00,workerid_0020
english,2,Yes,40,Male,3,,"NA",1.50,workerid_0021
english,1,Yes,29,Female,2,i have no other comments,i had no issues,1.50,workerid_0022
English,1,Yes,25,Male,3,,,2,workerid_0023
English,2,Yes,48,Female,1,Loved this HIT! Nice change of pace from the usual surveys. Would welcome the op to do more like this.,None at all.,Yes. Very.,workerid_0024
English,1,Yes,38,Male,2,Thanks!,None that I saw,1.50,workerid_0025
English,1,No,41,Male,3,none,No,2.00,workerid_0026
English,2,Yes,37,Female,3,very effective in this study,NO,1.50,workerid_0027
English,2,Yes,46,Female,2,"I enjoyed this HIT, thank you! ",no,1.50,workerid_0028
English,2,Yes,40,Female,2,,There was not any problems,1.50,workerid_0029
English,1,Yes,39,Female,3,No comments.,No.,1.80,workerid_0030
English,2,Yes,36,Male,1,"It was fine, thanks.",No.,$3,workerid_0031
English,2,Yes,26,Female,2,None,sometimes hard to frame the sentence,1.5 or 2,workerid_0032
English,2,Yes,56,Female,3,I found this different and interesting compared to other types of HITs.,no,2,workerid_0033
English,1,Yes,29,Female,3,,no,2.50,workerid_0034
English,2,Yes,64,Female,3,,no,1.50,workerid_0035
english,1,Yes,55,Male,2,n/a,no,yes,workerid_0036
English,1,Yes,48,Female,3,"The timer made me panic. Please, please don't reduce our 60 minute timer. :(",no,yes,workerid_0037
English,2,Yes,32,Female,3,Very Interesting,nothing,1.50,workerid_0038
English,2,Yes,38,Female,3,Interesting study.  I enjoyed it.,no,1.50,workerid_0039
English,2,Yes,34,Male,2,,,2.50,workerid_0040
English,2,Yes,42,Female,3,"i enjoyed the experiment, but I was worried if I was doing it well. A couple of example questions with correct answers in the beginning would help. Thanks for the experiment, have a great day.","No, but I wasn't sure if I was allowed to use more than one word in my answer.",1.50,workerid_0041
english,2,Yes,49,Female,2,,no,5.00,workerid_0042
English,2,Yes,39,Female,2,No comments at the current time.,No.,1.50,workerid_0043
English,2,Yes,30,Male,3,very interesting,no,1.50,workerid_0044
English,1,Yes,39,Female,4,,no,2.00,workerid_0045
English,2,Yes,37,Male,2,Thanks.,No.,1.50,workerid_0046
english,2,Yes,39,Male,3,no,no,no,workerid_0047
English,2,Yes,45,Male,2,"I think I understood it, but there were times when there could have been more than one answer, or taken another way..",,1.50,workerid_0048
English,2,Yes,23,Female,3,,No.,1.50,workerid_0049
English,1,Yes,28,Male,3,It was fun.,None.,$1.50,workerid_0050
english,2,Yes,36,Female,3,"none, thanks!",none,1.50,workerid_0051
English,2,Confused,56,Female,2,Not sure if I did this right? Totally confused as to whether I was putting in what you al wanted.,no,yes,workerid_0052
English,2,Yes,38,Female,3,,No problems or bugs. Everything worked fine.,1.50,workerid_0053
English,2,Yes,73,Male,4,,,yes,workerid_0054
English,2,Yes,30,Female,4,,None,1.50,workerid_0055
English,2,Yes,31,Male,3,Thank you for the engaging HIT!,"Nope, it was all fine.",1.50,workerid_0056
english,1,Yes,41,Male,3,,none,3,workerid_0057
English,2,Yes,51,Female,2,,no,1.50,workerid_0058
english,2,Yes,37,Female,3,,none,1.50,workerid_0059
English,2,Yes,42,Male,3,I enjoyed the experiment. I noticed that some sentences were more intuitive than others in terms of inferring the meaning.,"No, I did not experience any problems or bugs.",1.50,workerid_0060
English,2,Yes,26,Male,3,nno comments,no,1.50,workerid_0061
English,1,Yes,43,Male,4,,,1.5,workerid_0062
English,1,Yes,35,Male,3,,,1.50,workerid_0063
english,1,Yes,58,Female,3,thank you,no,2.00,workerid_0064
English,2,Yes,23,Female,3,,no,1.50,workerid_0065
english,1,Yes,23,Female,2,longer mturk timer please.,no,the current payment is fair.,workerid_0066
english,1,Yes,40,Female,3,,no,1.50,workerid_0067
English,2,Yes,35,Female,3,,,1.00,workerid_0068
ENGLISH,2,Yes,25,Male,3,good,No,1.50,workerid_0069
English,1,Yes,52,Male,2,,"I had no issues at all, thank you!",1.50,workerid_0070
English,2,Yes,27,Female,3,,No,yes,workerid_0071
English,2,Yes,47,Female,3,,"None, thanks!",1.50,workerid_0072
English,2,Yes,31,Female,2,,no,2.00,workerid_0073
english,2,Yes,33,Female,3,,,1.5,workerid_0074
English,1,Yes,22,Male,3,Okay study. Would like a slightly higher pay.,Nope,2.00,workerid_0075
english,2,Yes,47,Female,3,no,no,5,workerid_0076
English,2,Yes,48,Female,3,Interesting questions. Glad there was a progress bar.,No,$3.00,workerid_0077
English,1,Yes,35,Male,4,thanks,no,3.00,workerid_0078
English,1,Yes,75,Male,3,Would have liked some feedback after completion on what the experiment was attempting,no,yes,workerid_0079
English,2,Yes,41,Female,2,It was interesting. There were a few times that the answer could have been more abstract.,I don't think so. ,1.50,workerid_0080
English,2,Yes,28,Male,3,Everything worked as expected. Fair price and an enjoyable HIT. Thanks!,"NA",1.50,workerid_0081
English,2,Yes,39,Female,2,none,no,2.00,workerid_0082
English,2,Yes,43,Female,4,,,1.50,workerid_0083
English,2,Yes,58,Female,2,,no,2.00,workerid_0084
english,1,Yes,32,Male,3,,no,1.50,workerid_0085
english,2,Yes,29,Male,3,thanks,no,2,workerid_0086
English,1,Yes,27,Male,2,,,1.50,workerid_0087
English,1,Yes,28,Female,2,,None.,1.50,workerid_0088
english,1,Yes,33,Male,1,,nope,3.00,workerid_0089
English,2,Yes,42,Female,2,,None,2.50,workerid_0090
English,2,Yes,22,Female,2,great HIT. Thanks so much!,No,1.50,workerid_0091
english,1,Yes,30,Female,1,Thanks. I tried my best :),no,yes,workerid_0092
English,2,Yes,34,Female,3,none,none,1.50,workerid_0093
English,2,Yes,44,Female,2,,no,2.50,workerid_0094
English,2,Yes,31,Male,2,the ,no,2,workerid_0095
english,2,Yes,36,Male,0,,no,1.50,workerid_0096
english,0,Yes,25,Female,3,,no,no,workerid_0097
United States,2,Yes,48,Female,2,,no,2.00,workerid_0098
english,2,Yes,34,Female,3,this was a fun and interesting task!,"No, there weren't any problems at all",1.50,workerid_0099
English,1,Confused,43,Female,3,N/A.,No.,2,workerid_0100
English,1,No,48,Male,4,,no,2.00,workerid_0101
English,2,Yes,69,Male,3,,"Some of the questions didn't make sense, which I noted.",Yes,workerid_0102
english,2,Yes,38,Male,3,no comments,no,1.50,workerid_0103
English,2,Yes,37,Male,3,,,1.50,workerid_0104
English ,1,Yes,29,Male,2,,No ,2.50,workerid_0105
English and Cantonese,2,Yes,32,Female,3,This was interesting and nice change of pace from other studies on Mturk. Have a good rest of the week!,I didn't have any issues. ,1.50,workerid_0106
English,2,Yes,33,Male,3,Interesting study,Not that I am aware of,1.75,workerid_0107
English,2,Yes,50,Male,2,,no,1.50,workerid_0108
English,1,Yes,23,Other,3,,Not really.,2.00,workerid_0109
English,1,Yes,41,Female,3,,No,1.50,workerid_0110
english,2,Yes,43,Female,3,,no,1.00,workerid_0111
English,2,Yes,63,Male,3,nice,no,nice,workerid_0112
English,2,Yes,35,Female,1,,None,1.50,workerid_0113
English,1,Yes,33,Male,2,It was somewhat interesting. Thank you.,I did not encounter any problems,2.00,workerid_0114
English,1,Yes,35,Male,3,,,1.60,workerid_0115
english,1,Yes,34,Other,3,"It was fine, but you really need to use a qualification to keep workers from accidentally working for you again. It should NOT be on us to remember if we've worked for you or not. mTurk gives YOU the ability to screen for these things and you should take advantage of that, not expect people who do hundreds of these things a day to keep track.",Not really.,1.50,workerid_0116
English,1,Yes,39,Female,3,,No.,1.75,workerid_0117
English,1,Yes,30,Male,2,n/a,no,2.00,workerid_0118
english,2,Yes,34,Female,3,,no,1.50,workerid_0119
English,2,Yes,23,Male,2,,,1.5,workerid_0120
English,2,Yes,35,Female,3,I think these are fun and would do more or longer ones,none,1.50,workerid_0121
English,1,NA,28,Male,1,"No comments, thank you.",No,2.50,workerid_0122
English,1,Yes,31,Male,2,,no,1.5,workerid_0123
English,2,Yes,29,Male,2,,No,Yes,workerid_0124
English,1,Yes,26,Male,3,,no,1.5,workerid_0125
English,2,Yes,42,Male,1,,none,1.00,workerid_0126
english,2,Yes,31,Female,2,I accidentally typed in more words for some of the statements. This is what happens when I don't drink coffee.,no,1.00,workerid_0127
English,1,Yes,32,Female,2,No comments.,No problems or bugs,1.50,workerid_0128
English,2,Yes,60,Female,4,,"I think I typed test instead of text, but did not notice until I clicked to continue.",1.5,workerid_0129
English,2,No,29,Female,3,,,3.00,workerid_0130
English,1,Yes,31,Female,2,,,$2.00,workerid_0131
English,2,Yes,53,Female,2,Thanks for letting me participate. :),"Some questions I wasn't sure about answering, but nothing was wrong with the survey.",1.25,workerid_0132
English,1,Yes,28,Male,1,Enjoyed it. Thank you,none at all,1.50,workerid_0133
English,2,Yes,30,Male,3,,No,2.00,workerid_0134
English,2,Yes,36,Female,3,,No,1.50,workerid_0135
English,1,No,34,Male,1,ewr,no,1,workerid_0136
English,1,Yes,35,Male,1,,no,1.50,workerid_0137
United States,2,Yes,61,Female,3,,no,1.50,workerid_0138
English,2,Yes,44,Male,2,Very interesting and fun hit.  ,No,1.50,workerid_0139
English,2,Yes,31,Female,3,,None,$1.50,workerid_0140
English,2,Yes,31,Male,2,,no,1.50,workerid_0141
English,1,Yes,47,Male,3,,,yes,workerid_0142
English,1,Yes,50,Female,3,,n/a,2.00,workerid_0143
English,1,Yes,31,Male,3,,no,1.5,workerid_0144
English,2,Yes,30,Male,3,,No bugs arose,1.50,workerid_0145
english ,2,Yes,70,Female,2,Thank you,N/A,yes,workerid_0146
English,2,Yes,32,Male,4,,No.,Yes.,workerid_0147
english,2,Yes,38,Female,3,,no,1.50,workerid_0148
english,1,Yes,44,Female,3,,,2.00,workerid_0149
English,2,Yes,31,Male,3,"Great Study, hope to do more in the future.",No.,1.50,workerid_0150
english,2,Yes,30,Male,3,very interesting,no,100,workerid_0151
English,2,Yes,39,Male,1,,Everything worked well1.50,1.50,workerid_0152
English ,2,Yes,43,Female,2,,Nope,1.50,workerid_0153
English,1,Yes,37,Male,3,"I have none, thank you.","No, thank you.",1.50,workerid_0154
English,2,Yes,33,Male,2,,none,1.50,workerid_0155
English,1,Yes,31,Female,2,"No further comments, thanks! ","No, not at all. ",2.25,workerid_0156
English,1,Yes,32,Female,3,Thank you.,No problems.,1.50,workerid_0157
english,1,Yes,69,Female,2,"Normally, if somebody said some of those lines, you'd know what they meant but actually typing what you think they meant is a bit confusing when you have to think about it LOL.",none,1.50,workerid_0158
English,2,Yes,34,Male,3,"This was fun, thank you!",No,1.50,workerid_0159
English,2,Yes,54,Female,2,,No,Yes,workerid_0160
English,2,Yes,26,Male,3,,no,2.00,workerid_0161
english,2,Yes,31,Female,2,,no,2.00,workerid_0162
English,2,Yes,29,Male,2,,,2.00,workerid_0163
English,2,Yes,44,Female,3,Well-paying hit!,no,yes,workerid_0164
English,2,Yes,24,Female,2,,,2.50,workerid_0165
English,2,Yes,58,Female,1,I have no comments to add about this experiment. Thank you.,No.,1.75,workerid_0166
english,2,Yes,31,Male,2,no comments,no,1.5,workerid_0167
english,2,Yes,35,Male,3,,no,1.50,workerid_0168
English,1,Yes,36,Female,3,I have an english degree so this one was fun. Thanks! Good luck with your research.,,2.00,workerid_0169
English,1,Yes,28,Female,3,,,2,workerid_0170
English,2,Yes,56,Male,2,"NA",No,yes,workerid_0171
English,1,Yes,29,Female,2,,,1.50,workerid_0172
English,2,Yes,27,Female,2,It was fun!,No,1.50,workerid_0173
English,2,Yes,31,Male,2,,,1.5,workerid_0174
,0,Yes,,,-1,,no,1.75,workerid_0175
English,1,Yes,57,Male,3,,none,1.50,workerid_0176
english,2,Yes,29,Female,4,good one ,nope,2,workerid_0177
English,2,Yes,24,Male,3,,not at all,2.00,workerid_0178
english,2,Yes,23,Male,2,,good,50,workerid_0179
English,2,Yes,34,Male,3,None.,No,1.50,workerid_0180
english,2,Yes,33,Female,4,,no,1.50,workerid_0181
English,2,Yes,28,Male,3,,,2,workerid_0182
English,2,Yes,52,Male,3,,no,1.50,workerid_0183
English,1,Yes,25,Female,2,,no,1.5,workerid_0184
English,1,Yes,49,Male,2,,"No, everything worked as expected",2.00,workerid_0185
English,2,Yes,29,Male,3,good,nil,1.50,workerid_0186
English,2,Yes,45,Male,2,no problems,none,2.00,workerid_0187
"English, Greek",2,Yes,31,Female,3,,no issues,1.5,workerid_0188
English,1,Yes,28,Male,3,,no,1,workerid_0189
Engrish,1,Yes,35,Male,3,,none,2.00,workerid_0190
English,2,Yes,27,Female,3,This was fun. I would enjoy doing more HITs like this in the future!,,1.50,workerid_0191
English,2,Yes,28,Male,4,,,2,workerid_0192
English,1,Yes,31,Male,2,,no problems,,workerid_0193
English,1,Yes,62,Female,3,Good hit!,none,2,workerid_0194
English,2,Yes,30,Male,3,interesting,none,1.50,workerid_0195
English,2,Yes,34,Male,2,,No,3,workerid_0196
English,2,Yes,39,Female,3,very interesting in this survey,no,2,workerid_0197
Telugu,2,Yes,38,Female,3,,No,1.50,workerid_0198
English,2,Yes,28,Female,3,Nice,Nothing,2,workerid_0199
English,1,Yes,33,Male,3,,,yes,workerid_0200
English,2,Yes,27,Female,3,nice,none,2.50,workerid_0201
english,2,Yes,46,Female,3,n/a,no,1.50,workerid_0202
English,1,Yes,40,Male,3,cool beans,none,2,workerid_0203
english,2,Yes,32,Male,3,,no,1.50,workerid_0204
English,2,Yes,28,Male,3,Very interesting,No,1.50,workerid_0205
English,2,Yes,42,Male,3,Thank you.,None,$1,workerid_0206
english,2,Yes,37,Female,2,,no,1.50,workerid_0207
English,2,Yes,30,Male,2,,,1.50,workerid_0208
English,1,Yes,46,Female,3,none,no,1.50,workerid_0209
English,2,Yes,35,Female,1,I was a bit confused with the one with the adults going for a walk. Everything else was fine.,No,1.50,workerid_0210
english,1,Yes,41,Female,1,,No,2.00,workerid_0211
,-1,NA,,,-1,,,,workerid_0212
English,1,Yes,38,Female,2,none,none,1.50,workerid_0213
english,1,Yes,32,Female,3,N/A,no,$2,workerid_0214
english,1,Confused,36,Female,2,,,2.00,workerid_0215
english,2,Yes,32,Female,3,,no,1.50,workerid_0216
English,2,Yes,25,Male,3,,none,yes,workerid_0217
English,2,Yes,38,Male,3,Good hit. Would happily participate in more studies like this-though I do think it should pay slightly more.,no,2.00,workerid_0218
English,2,Yes,27,Male,2,This one was pretty good accualy.,Not at all.,1.5,workerid_0219
English,1,Yes,45,Male,3,Nice experiment,No problems,yes,workerid_0220
English,2,Yes,40,Female,3,There were a few where I think multiple different answers would have worked. Sometimes it was tough to decide which word fit best.,I didn't notice any problems or bugs.,1.25,workerid_0221
english,1,Yes,34,Female,3,,none,1.50,workerid_0222
english,2,Yes,47,Male,1,good,,1.00,workerid_0223
english,2,Yes,30,Female,1,,,2.00,workerid_0224
English,1,Yes,30,Male,2,,,2,workerid_0225
English,1,Yes,31,Male,3,,,2,workerid_0226
English,2,Yes,32,Male,2,no thanks,no,5.00,workerid_0227
English,2,Yes,39,Male,3,,No,1.50,workerid_0228
English,1,Yes,31,Female,3,,no,1.75,workerid_0229
english,1,Yes,52,Female,3,,,2.00,workerid_0230
english,2,Yes,26,Female,3,nice,none,1.50,workerid_0231
Cantonese,2,Yes,29,Male,3,,,2.00,workerid_0232
english,1,Yes,34,Male,2,,no,2.00,workerid_0233
english,1,Yes,41,Male,3,,no,1.50,workerid_0234
English,2,Yes,64,Female,2,Thank you,no,1.50,workerid_0235
english,1,Yes,34,Male,3,,No,1.50,workerid_0236
English,1,Yes,60,Female,3,,no,1.50,workerid_0237
English,2,Yes,34,Female,3,,No issues,1.50,workerid_0238
English,1,Yes,25,Male,3,,No,1.50,workerid_0239
englidh,2,Yes,30,Female,2,n/a,no,1.50,workerid_0240
english,2,NA,69,Male,2,good survey thanks,no,1.50,workerid_0241
english,2,Yes,25,Female,1,"Great study, thanks.", no,1.50,workerid_0242
english,2,Yes,36,Female,2,,no,2.00,workerid_0243
English,1,Yes,27,Male,3,,no,5,workerid_0244
Spanish,2,Yes,26,Male,3,,,$1.75,workerid_0245
English,2,Yes,25,Male,3,,no,1.50,workerid_0246
English,2,Yes,28,Female,3,very useful,no,1.5,workerid_0247
English,1,Yes,38,Female,3,,,2.25,workerid_0248
English,0,Yes,45,Male,2,"The hit takes too long because of the way it is set up. It should be respond click respond click...not tab, click, answer, report. Or shorten the amount of questions.",no,3.00,workerid_0249
english,2,Yes,32,Male,4,nice,no,good,workerid_0250
English,2,Yes,29,Male,2,,N/A,1.50,workerid_0251
english,2,Yes,28,Female,3,nice survey,none,1,workerid_0252
English,1,Yes,29,Male,2,,no,1.50,workerid_0253
English,1,Yes,54,Male,2,no comments,nope,2.00,workerid_0254
English,2,Yes,30,Female,3,,No.,2.00,workerid_0255
English,2,Yes,27,Female,2,,No,1.50,workerid_0256
English,2,Yes,28,Male,2,Very interesting,NO,1.50,workerid_0257
English,2,Yes,28,Male,3,,No,$1.50,workerid_0258
English,1,Yes,26,Male,3,Interesting study,None,1.50,workerid_0259
English,2,Yes,34,Female,3,,No,$3,workerid_0260
English,2,Yes,50,Female,3,,no,1.50,workerid_0261
English,2,Yes,27,Male,3,,None,1.5,workerid_0262
English,1,Yes,55,Male,2,none,none,yes,workerid_0263
English,1,Yes,35,Female,2,this was fun,none,1.00,workerid_0264
English,1,Yes,26,Female,3,,no,2.00,workerid_0265
English,2,Yes,50,Female,1,,,1.50,workerid_0266
English,2,Yes,27,Female,2,,No,1.50,workerid_0267
English,1,Yes,40,Female,3,,No,1.00,workerid_0268
English,1,Yes,32,Female,3,Best wishes. Everything was great.,No,1.75,workerid_0269
englis,2,Yes,35,Female,3,It was kind of fun! Thanks!,no,1.50,workerid_0270
english,1,Yes,38,Male,4,,no,1,workerid_0271
English,1,Yes,55,Female,3,none,none,2,workerid_0272
English,1,Yes,25,Male,4,,,2.00,workerid_0273
English,2,Yes,67,Female,1,,no,150,workerid_0274
English,2,Yes,33,Male,2,Took a little more time and maybe have enter automatically go to the next sentence. I tried using tab but that only worked once and then you have to either tab all the way back through or use the mouse. ,no,3.00,workerid_0275
English,1,Yes,40,Female,3,Thanks for the opportunity!,None.,2.00,workerid_0276
english,2,Yes,32,Male,3,,,2.50,workerid_0277
English,1,Yes,37,Female,3,n,n,yes,workerid_0278
English,1,Yes,39,Male,1,,,1.50,workerid_0279
English,2,Yes,23,Male,2,,,1.60,workerid_0280
english,1,Yes,28,Male,3,,no,2.00,workerid_0281
English,1,No,37,Female,3,Everything worked just fine.,no,1.50,workerid_0282
english,2,Yes,43,Male,2,,no,1.50,workerid_0283
English,2,Yes,24,Female,2,,No,Yes,workerid_0284
Cantonese,2,Yes,25,Male,3,interesting HIT,no,1.5,workerid_0285
English,2,Yes,38,Female,3,None,No,2.00,workerid_0286
english,2,Yes,56,Female,1,"thanks, please make more available! :-)",no,1.50,workerid_0287
English,1,Yes,35,Male,4,Good.,No.,1.50,workerid_0288
english,1,Yes,36,Female,3,,no,yes,workerid_0289
,-1,Yes,,,-1,,,,workerid_0290
English,2,Yes,50,Female,1,"Fun! Very Enjoyable to complete, thank you! =)",none,1.50,workerid_0291
English,2,Yes,36,Male,3,,,2.00,workerid_0292
english,1,Yes,33,Female,1,,no,2.00,workerid_0293
English,2,Yes,29,Female,1,,no,1.50,workerid_0294
English,2,Yes,24,Male,2,I found it a little challenging.,No.,2.00,workerid_0295
english,2,Yes,57,Female,2,it was nice to do and different ,none,1.50,workerid_0296
english,1,Yes,21,Male,1,,np,2.00,workerid_0297
English,2,Yes,49,Female,3,,"No issues at all, thank you.",1.50,workerid_0298
English,1,Yes,23,Male,1,,no,2,workerid_0299
english,2,Yes,27,Female,3,nice but it is an tough job,no nothing,no,workerid_0300
English,2,Yes,36,Male,4,Thank you for allowing me to be a part of your research!,No,1.5,workerid_0301
English,1,Yes,27,Other,2,,No,1.50,workerid_0302
,-1,No,,,-1,,no,,workerid_0303
English,2,Yes,44,Female,3,It seems there was at least two possible answers for most of the questions.,No problems.,1.50,workerid_0304
English,2,Yes,32,Male,2,,None.,1.50,workerid_0305
English,1,No,40,Female,3,,,,workerid_0306
English,2,No,35,Male,3,None. I enjoyed the experiment,No,2.00,workerid_0307
english,1,Yes,38,Male,1,n/a,no,1.50,workerid_0308
english,1,Yes,43,Male,3,no comments,no,yes,workerid_0309
English,2,Yes,35,Male,2,,No problems. Thank you,$2,workerid_0310
English,2,Yes,25,Male,3,,No,1.50,workerid_0311
English,2,Yes,26,Female,2,Its very interesting.,Nope,2,workerid_0312
English,2,Yes,28,Male,4,thanks,no,2,workerid_0313
English,2,Yes,31,Female,4,,none,yes,workerid_0314
English,1,Yes,34,Male,2,No comments,None,1.50,workerid_0315
English,1,Yes,32,Female,2,"Everything was clear and loaded fine, thank you",No,2.00,workerid_0316
english,1,Yes,39,Male,3,,no,2.00,workerid_0317
English,1,Yes,21,Male,2,"No complaints, great survey!",No problems,$1.50,workerid_0318
English,1,Yes,45,Female,3,different,no,1.50,workerid_0319
English,1,Yes,32,Male,2,none,none,2.50,workerid_0320
english,2,Yes,31,Female,3,,no,2.00,workerid_0321
English,1,Yes,33,Female,3,,No.,1.50,workerid_0322
English,2,Yes,46,Female,3,,No,2,workerid_0323
English,2,Confused,27,Male,2,no comment,no,yes,workerid_0324
English,2,Yes,59,Male,2,Happy Holidays! Thanks!,No.,1.75,workerid_0325
English,2,Yes,30,Male,3,Interesting,None,2,workerid_0326
English,2,Yes,30,Male,2,,No,Sure.,workerid_0327
English,1,Yes,34,Male,3,,,$2,workerid_0328
English,2,Yes,32,Female,3,Fun HIT! Thanks! :),No issues,1.50,workerid_0329
English,1,Yes,35,Male,2,,No,2.00,workerid_0330
English,2,Yes,30,Male,1,None. Thank you. ,None. ,1.50,workerid_0331
english,1,Yes,26,Female,3,,,,workerid_0332
english,2,Yes,25,Female,3,good,no,1.50,workerid_0333
English,2,Yes,51,Female,3,I enjoy language hits. Thank you.,None,1.50,workerid_0334
English,1,Yes,32,Male,3,,N/A,2,workerid_0335
English,1,Yes,33,Male,3,,,1.5,workerid_0336
english,1,Yes,55,Female,3,Thanks,no,1.50,workerid_0337
English,2,Yes,27,Male,4,n/a,No.,1.75,workerid_0338
English,1,Yes,34,Other,2,,No.,2,workerid_0339
English,1,Yes,37,Female,3,,none,1.50,workerid_0340
English,1,Yes,35,Female,3,,no,1.50,workerid_0341
english,1,Yes,29,Female,2,,no,1.50,workerid_0342
English,1,Yes,28,Female,3,,,1.50,workerid_0343
ENGLISH,2,Yes,29,Female,3,good and interesting one ,"nope ,its a nice one ",2,workerid_0344
English,2,Yes,38,Female,2,Thank you for the opportunity to participate.,No,1.50,workerid_0345
eng,1,Yes,41,Male,4,,no,yes,workerid_0346
english,1,Yes,29,Male,1,,no,this price,workerid_0347
English,2,Yes,64,Male,2,,No,1.50,workerid_0348
English,1,Yes,36,Male,3,,"No, I did not experience any issues",1.50,workerid_0349
English,2,Yes,36,Male,1,Nice change of pace from what I normally do on mturk.,No.,1.50,workerid_0350
English,2,Yes,37,Male,3,none,no,$2.00,workerid_0351
English,2,Yes,68,Female,3,none,no,yes,workerid_0352
English,1,Yes,25,Male,3,This was a very interesting and fun survey.,There were no problems.,1.50,workerid_0353
English,2,Yes,28,Male,3,,no,1.50,workerid_0354
English,2,Yes,29,Male,2,"This was very interesting. It was a neat thought experiment because comparing two objects can be very narrow (a hard tomato is likely hard vs other tomatoes) or very wide (a quiet rowboat is more likely to be quiet vs any other boat since most rowboats are quiet).

So this was a lot of fun for me, thank you and would love to do more like this!","On mturk, the page autoscrolls down so the text at the very top was easy to miss. I had to restart the survey because I didn't notice there were words up there. Might help to center that lower to make it more obvious.",2,workerid_0355
English,1,Yes,47,Female,3,,no,2.00,workerid_0356
English,2,Yes,41,Male,4,The only one I was confused on was the hot milkshake. ,no,1.50,workerid_0357
English,1,Yes,56,Female,2,none at this time,none,2.50,workerid_0358
English,2,Yes,25,Male,1,I thought the HIT was simple and somewhat confusing in a few cases,,1.50,workerid_0359
English,2,Yes,45,Male,3,Thank you for letting me participate. ,No,1.50,workerid_0360
English,1,Yes,33,Other,2,"I hope that last checkbox wasn't an attention check, because that would be unfair when you didn't indicate we needed to memorize or pay special attention to the sentences.",,1.50,workerid_0361
English,1,Yes,29,Male,2,n/a,no,The price is fair at 1.50-1.75.,workerid_0362
English,2,Yes,57,Female,3,Thanks,None,1.80,workerid_0363
English,1,Yes,50,Male,3,None at this time.,None at all.,1.50,workerid_0364
English,2,Yes,44,Male,2,thank you,no,1.50,workerid_0365
English,0,Yes,29,Female,3,Its very like survey.,no,Very useful,workerid_0366
English,2,Yes,42,Female,3,very effective in this study,NO,10,workerid_0367
United States,1,Yes,26,Male,2,,no,2.00,workerid_0368
english,1,Yes,26,Male,1,fun,no,1.5,workerid_0369
english,2,Confused,30,Female,1,,no,2.50,workerid_0370
english,2,Yes,30,Female,4,,no,this price,workerid_0371
English,1,Yes,27,Female,3,,No,1.50,workerid_0372
English,1,Yes,25,Female,3,,No,1.50,workerid_0373
english,1,Yes,39,Female,4,,no,1.50,workerid_0374
English,1,Yes,42,Male,1,,no,2.00,workerid_0375
English,1,Yes,26,Male,2,N/A,no,1.50,workerid_0376
English,1,Yes,38,Female,2,,No,1.50,workerid_0377
English,2,Yes,29,Male,2,"No issues, questions, comments, or concerns, thanks!","No, thank you.",1.50,workerid_0378
English,1,Yes,29,Female,2,I don't have any comments.,No,2.00,workerid_0379
English,2,Yes,31,Male,2,none,no,$1.50,workerid_0380
English,1,Yes,45,Female,3,it went well,no issues seen,1.50,workerid_0381
ENGLISH,2,Yes,25,Female,3,VERY NICE SURVEY,NO PROBLEMS,1.50,workerid_0382
English,1,Yes,45,Female,2,Thank you,A few sentences at beginning did not have first sentence. It straighten out then.,1.50,workerid_0383
English,2,Yes,28,Male,2,good,"NA","1.
1.50",workerid_0384
English,1,Yes,43,Female,3,"putting other in each answer felt limiting. For  example one of the questions was about a helicopter being called fast, and what it was being called fast to in relation to other....  I wanted to answer something like it was being called fast in relation to land vehicles or similar, but that didn't fit with the prefilled other in the answer.  ",No,Not bad. Another .50 or so would be better,workerid_0385
English,2,Yes,29,Female,3,,,1.50,workerid_0386
English,2,Yes,32,Female,3,,no,2.00,workerid_0387
English,2,Yes,24,Female,2,No comments.,No,2.00,workerid_0388
English,1,Yes,55,Female,3,,none,1.50,workerid_0389
English,2,Yes,43,Female,4,,none,1.5,workerid_0390
English,2,Yes,50,Female,3,Loved this HIT.,No,2.00,workerid_0391
English,2,Yes,45,Female,1,Enjoyed the task. Good luck with your research.,"No, there were no problems.",1.50,workerid_0392
English,1,Yes,30,Female,4,thanks,,$1,workerid_0393
english,2,Yes,32,Male,2,,,1.50,workerid_0394
English,2,Yes,53,Female,1,,"No, everything went well.",1.50,workerid_0395
English,2,Yes,26,Female,4,,no,1.50,workerid_0396
english,2,Yes,26,Female,3,nice,none,1.50,workerid_0397
English,2,Yes,35,Male,3,very interesting,no,1,workerid_0398
english,2,Yes,24,Male,2,no comment,no,2.5,workerid_0399
English,2,Yes,39,Female,3,,,1.50,workerid_0400
English,2,Yes,28,Male,4,Nice Task and thanks for the opportunity,No,3.00,workerid_0401
English,1,Yes,44,Male,2,,no,yes,workerid_0402
English,1,No,29,Male,3,No Comments ,Nothing,Nothing,workerid_0403
English,2,Yes,35,Female,3,,no,1.00,workerid_0404
English,2,Yes,29,Male,3,,,1.50,workerid_0405
English,1,Yes,32,Female,3,"I know I was told to use common sense, but that seemed too easy, and made me wonder if I was doing the HIT incorrectly the whole time. ",No.,1.50,workerid_0406
english,2,Yes,40,Female,1,I would do more of these. kind of fun and relaxing.,no,1.50,workerid_0407
English,1,Yes,30,Male,3,,,3,workerid_0408
english,2,Yes,34,Male,3,,no bugs,yes,workerid_0409
English,1,Yes,30,Female,3,,none,1.50,workerid_0410
English,1,Yes,25,Male,3,thank you,no,1.50,workerid_0411
english,2,Yes,30,Male,3,yes it's good,none,2,workerid_0412
english,0,Yes,38,Male,2,,,6.00,workerid_0413
English,2,Yes,29,Male,2,Interesting study. Thank you!,N/A,1.50,workerid_0414
English,2,Yes,44,Male,3,Thanks,no issues,1.50,workerid_0415
english,2,Yes,28,Female,3,,no,1.00,workerid_0416
English,1,Yes,55,Female,1,,,2.00,workerid_0417
English,2,Yes,28,Male,3,No comments,"Well, at one point it was confusing that you called the baby they. That resulted in me writing quiet relative to other people instead of babies, because I was thinking of things plurally. ",$1.5,workerid_0418
English,2,Yes,22,Female,3,,No issues,I think $1.50 is fair.,workerid_0419
English,1,Confused,25,Male,2,,Yes,Very good price,workerid_0420
english,1,Yes,32,Male,3,,no,3.00,workerid_0421
english,2,Yes,29,Female,3,good nad interesting ,nope,3,workerid_0422
English,2,Yes,44,Female,3,Thanks!,no,1.50,workerid_0423
English,2,Yes,29,Male,3,Very straight forward and interesting.,No.,1.50,workerid_0424
English,2,Yes,25,Male,2,,,,workerid_0425
english,2,Yes,25,Female,3,good,no its good,1.50,workerid_0426
english,1,Yes,22,Male,2,ty,no thnaks,this price,workerid_0427
English,2,Yes,27,Male,2,,,,workerid_0428
English,2,Yes,35,Male,3,,No,1.30,workerid_0429
English,2,Yes,29,Male,3,Good,Nil,1.50,workerid_0430
English,2,Yes,52,Female,4,,,yes,workerid_0431
English,2,Yes,25,Male,2,it was different and fun,,yes,workerid_0432
English,1,Yes,28,Female,0,N/A,"No, everything worked fine.",$1.50,workerid_0433
English,1,Yes,46,Male,3,none,no,1.50,workerid_0434
English,2,Yes,29,Male,2,No other comments,No problems or bugs,1.50,workerid_0435
english,2,Yes,32,Male,3,nice,nothing,1.50,workerid_0436
English,2,Yes,52,Male,2,"I did change the word in certain answers rather than just plural as it made more sense to me, hope that was ok.",None,1.50,workerid_0437
English,1,Yes,61,Female,3,"A few of the items did not lend themselves to easy comparisons, so I hope you'll judge leniently.",,$2,workerid_0438
English,1,Yes,59,Female,3,,no,,workerid_0439
English,1,Yes,36,Male,1,no comments at the moment,no problems encountered,1.50,workerid_0440
english,1,Yes,41,Male,1,,no,1.50,workerid_0441
English,0,Yes,32,Male,3,,no,3.00,workerid_0442
English,2,No,25,Male,3,,,2.00,workerid_0443
english,1,Yes,43,Male,1,interesting,no problems,yes,workerid_0444
english,2,Yes,53,Female,2,thank you,no,1.50,workerid_0445
English,1,Yes,35,Female,4,Good.,No.,1.50,workerid_0446
English,1,Yes,50,Male,3,none thanks,no,price paid,workerid_0447
english,1,Yes,27,Female,3,,no,2,workerid_0448
English,2,Yes,72,Female,1,Thank you,No,1.50,workerid_0449
English,1,Yes,33,Female,2,,No,1.50,workerid_0450
English,1,Yes,27,Female,3,,No,$1.50,workerid_0451
english,1,Yes,37,Female,3,,no,1.50,workerid_0452
English,1,Yes,33,Female,1,,"No, there were no problems.",1.50,workerid_0453
english,1,Yes,27,Female,1,,,1.50,workerid_0454
English,1,Yes,37,Female,1,,,1.75,workerid_0455
english,2,Yes,36,Male,3,,,1.50,workerid_0456
English,2,Yes,25,Male,1,,Nope,1.50,workerid_0457
English,2,Yes,27,Female,2,,none,3.00,workerid_0458
,1,No,37,Male,2,,,,workerid_0459
english,2,Yes,39,Female,3,very interesting in this survey,no,2,workerid_0460
English,2,Yes,33,Male,3,Would love to do more of these!,Nope,2.00,workerid_0461
English,1,Yes,47,Female,2,,No,$1.50,workerid_0462
English,1,Yes,32,Male,3,Everything was clear so far.,There were no issues.,1.70,workerid_0463
English,2,Yes,25,Male,2,Interesting survey,No,yes,workerid_0464
English,2,Yes,40,Male,3,Very knowledgeable of this survey.,no,i think very fair,workerid_0465
english,2,Yes,21,Female,2,,no,1.50,workerid_0466
English,2,Yes,30,Female,1,fun study,no,1.00,workerid_0467
English,1,Yes,30,Male,3,None thanks.,None.,1.50,workerid_0468
English,1,Yes,70,Male,2,none,no,2.00,workerid_0469
English,1,Yes,51,Female,2,,No,1.25,workerid_0470
English,2,Yes,27,Female,2,This was an interesting experiment!,No,$1.50,workerid_0471
English,2,Yes,26,Male,3,,all good.,1.50,workerid_0472
English,1,Confused,51,Male,1,,Interesting task,2.00,workerid_0473
english,1,Yes,38,Male,2,,no,2,workerid_0474
English,1,Yes,36,Male,3,,no,1.50,workerid_0475
English,1,Yes,37,Female,3,,None,1.5,workerid_0476
English,2,Yes,24,Male,1,I have no comments,I had no bugs or problems,1.50,workerid_0477
english,1,Yes,39,Female,3,none,no,2.00,workerid_0478
English,1,Yes,42,Female,3,,no,1,workerid_0479
,-1,NA,,,-1,,,,workerid_0480
English,1,Yes,55,Female,2,I hope I did this correctly,It was a bit confusing.  I felt like i was just repeating words of the question.  A cheetah is a wild animal but not sure if i should have checked it off as being seen,yes,workerid_0481
english,2,Yes,45,Male,3,good task,no,1.50,workerid_0482
English,2,Yes,57,Male,3,,no,2.00,workerid_0483
english,1,Yes,34,Male,1,,,1.50,workerid_0484
English,1,Yes,29,Male,3,,no,2,workerid_0485
English,2,Yes,33,Male,2,Great study. No issues.,"NA",2.00,workerid_0486
english,2,Yes,41,Female,2,,,5,workerid_0487
English,2,Yes,31,Female,3,,no,yes,workerid_0488
English,2,Yes,26,Male,1,,No,1.50,workerid_0489
English,2,Confused,53,Male,2,,Not that I understood,1.50,workerid_0490
English,1,Yes,29,Male,3,,No,2.00,workerid_0491
English,2,Yes,36,Female,3,,no,1,workerid_0492
English,2,Yes,26,Male,3,,none,"1,50",workerid_0493
English,2,Yes,33,Male,2,,none,1.50,workerid_0494
English,2,Yes,59,Male,3,,none,1.50,workerid_0495
English,2,Yes,28,Male,2,easy straightforward,no,1.50,workerid_0496
English,2,Yes,29,Female,3,Fun study,no,yes,workerid_0497
,1,Yes,26,Male,3,,no,2,workerid_0498
English,2,Yes,64,Female,3,,No,1.50,workerid_0499
english,1,Yes,59,Female,2,,no,2,workerid_0500
english,2,Yes,32,Female,4,,no,yes,workerid_0501
English,2,Yes,24,Male,1,,None,1.50,workerid_0502
english,1,Yes,47,Male,1,,no,1.50,workerid_0503
Englsih,1,Yes,30,Male,3,,,2,workerid_0504
English,1,Yes,37,Male,3,,no,don't know,workerid_0505
English,2,Yes,45,Female,2,Interesting HIT. Thanks. :),No problems.,$1.50,workerid_0506
english,2,Yes,26,Female,4,nice,none,1.50,workerid_0507
English,1,Yes,23,Male,3,,,1.50,workerid_0508
English,2,Yes,33,Male,2,,no,1.50,workerid_0509
English,2,Yes,28,Male,2,The experiment was interesting and unique.,No,1.50,workerid_0510
English,2,Yes,44,Male,3,very interesting,No,Best,workerid_0511
English,1,Yes,25,Female,2,nothing,nothing,1.50,workerid_0512
English,1,Yes,54,Male,3,Timer is on the short side,no,1.50,workerid_0513
english,2,Yes,25,Female,3,none,none,2.00,workerid_0514
English,2,Yes,25,Male,1,Fun HIT!,"I don't remember if I was allowed to do two words - I tried to only use one word, but sometimes I had to use two -- such as 'sail boat'. ",Yes,workerid_0515
English,1,Yes,35,Male,3,,,1.50,workerid_0516
English ,0,Yes,32,Male,2,,no,2.50,workerid_0517
English,2,Yes,44,Female,3,,No,1.00,workerid_0518
english,2,Yes,31,Female,3,,,1.75,workerid_0519
English,2,Confused,58,Male,1,,"I think maybe you wanted only one word, but sometimes I used two.",1.56,workerid_0520
english,2,Yes,27,Female,4,nice,none,1.50,workerid_0521
english,2,Yes,35,Male,3,,,1.5,workerid_0522
english,2,Yes,38,Female,2,n/a,n/a,yes,workerid_0523
English,1,Yes,44,Male,3,Was a fun and different experiment,No,1.50,workerid_0524
English,2,Yes,50,Female,3,,No,1.50,workerid_0525
English,2,Yes,41,Female,3,,None,1.50,workerid_0526
English,2,Yes,32,Male,3,,No,2,workerid_0527
english,1,Yes,45,Female,2,,no,1.50,workerid_0528
"English,Croatian",1,Yes,30,Male,1,interesting!,no,yes,workerid_0529
English,2,Yes,39,Female,3,very intereesting,No,best,workerid_0530
United States,2,Yes,24,Female,3,"None for now, would contact you if any comes up.",No,$1.5,workerid_0531
English,1,Yes,34,Female,3,,,1.5,workerid_0532
English,2,Yes,47,Male,3,,none,,workerid_0533
English,1,Yes,30,Male,1,,no,2,workerid_0534
English,2,Yes,26,Female,3,,There were no problems,Yes,workerid_0535
English,1,Yes,31,Male,3,,no problems,fair,workerid_0536
,2,Yes,49,Male,1,,No,1.50,workerid_0537
English,2,Yes,39,Male,3,Fun HIT.,No.,1.50,workerid_0538
English,1,Yes,23,Female,2,,,1.5,workerid_0539
English,1,Yes,32,Male,3,"Some of the sentences it was easy to thing of the word to put, but others I was not exactly sure, and put what I thought fit.",No.,I think the price of $1.50 is fair.,workerid_0540
English,1,Yes,28,Female,3,good survey,nothing,nothing,workerid_0541
English,2,Yes,58,Female,4,,No,1.50,workerid_0542
English,1,Yes,33,Female,3,,No,1.50,workerid_0543
english,2,No,36,Female,3,,no,no,workerid_0544
english,2,Yes,47,Male,3,,no,1.50,workerid_0545
eng,1,Yes,41,Male,2,,,2,workerid_0546
English,2,Yes,32,Male,3,Great,No,5.00,workerid_0547
English,2,Confused,29,Male,3,Thanks again!,"none, but I hope I did it correctly, thank you!",Yes,workerid_0548
english,1,Yes,32,Male,2,nice,nothing,1.50,workerid_0549
english,2,Yes,29,Male,3,,,1.50,workerid_0550
English,1,Yes,49,Male,2,,,1.50,workerid_0551
English,2,Yes,40,Male,2,This experiment was interesting.,None at all.,$2.00,workerid_0552
english,-1,Confused,37,Male,3,thanks and good luck,no,1,workerid_0553
English,2,Yes,29,Male,3,,,1.50,workerid_0554
Engilsh,1,Yes,35,Female,2,,no,2,workerid_0555
English,1,Yes,24,Male,3,,No,2,workerid_0556
English,1,Yes,26,Male,2,,No,1.50,workerid_0557
English,2,Yes,60,Female,3,"It seemed pretty straightforward, although a few were open to interpretation, such as 'It's long - long for a car, or long for a limousine?' Thanks for the HIT!",No.,1.50,workerid_0558
English,1,Yes,38,Male,2,,No,1.50,workerid_0559
english,2,Yes,31,Female,3,,no,1.50,workerid_0560
English,2,Yes,41,Male,3,This is survey very useful and very interest.,Nothing,no,workerid_0561
ENGLISH,2,Yes,30,Male,4,,no,1.00,workerid_0562
English,2,Yes,25,Male,3,,no,1.50,workerid_0563
English,2,Yes,30,Female,4,"One of the last questions asked to recall everything  I could remember in the survey. If birds (owls, hummingbirds, mockingbirds, crows) counted as wild animals then I should have checked that box off as well. Thank you. ",No,1.50,workerid_0564
English,1,Yes,63,Female,1,none,none,2.50,workerid_0565
english,2,Yes,45,Male,3,,,1.50,workerid_0566
English,0,Yes,39,Female,4,very interesting this survey,,,workerid_0567
English,1,Yes,47,Female,3,,,2,workerid_0568
english,2,Yes,27,Female,3,none,no,none,workerid_0569
English,2,Yes,38,Male,2,,no,1.5,workerid_0570
English,2,Yes,25,Male,3,interested ,No,1.50,workerid_0571
english,1,Yes,28,Male,2,,no,1.50,workerid_0572
ENGLISH,2,Yes,27,Female,4,NICE ONE,none,1,workerid_0573
en,1,Yes,57,Male,2,,,1.75,workerid_0574
English,1,Yes,34,Male,3,,No problems,2.00,workerid_0575
English,2,Yes,36,Female,3,,no,1.50,workerid_0576
English,2,Yes,27,Female,3,,none,2.00,workerid_0577
English,2,Yes,44,Female,2,n/a,no,1.50,workerid_0578
english,1,Yes,29,Male,2,no,no,1,workerid_0579
english,1,Yes,56,Male,2,,no,$1,workerid_0580
English,2,Yes,24,Female,2,"This was fun, thank you!",Nope!,1.50,workerid_0581
English,2,Yes,39,Male,3,I really enjoyed the task and hope to see more like it.,None that I noticed.,1.50,workerid_0582
English,2,Yes,34,Male,3,,Nope!,1.5,workerid_0583
English,2,Yes,26,Male,2,It is very interesting.,No,1.5,workerid_0584
English,1,No,47,Male,3,good,no,its good,workerid_0585
English,2,Yes,28,Male,2,,,2.50,workerid_0586
English,2,Yes,34,Female,2,N/A,No problems at all,The current price is good,workerid_0587
English,2,Yes,50,Other,3,Some things seem more general than others,no,2,workerid_0588
English,2,Yes,35,Male,3,,no,yes,workerid_0589
English,1,Yes,38,Female,2,,not for me,1.25,workerid_0590
English,1,Yes,39,Male,3,None,None,1.50,workerid_0591
English,1,Yes,41,Female,4,,no issues,2.00,workerid_0592
english,2,Yes,28,Male,1,,no issues,1.50,workerid_0593
English,2,Yes,MALE,Male,3,An engaging experiment.,NONE,3.00,workerid_0594
English,2,Yes,49,Female,3,,No,1.5,workerid_0595
english,1,Yes,23,Female,2,,no,1.50,workerid_0596
English,1,Yes,30,Male,3,good survey,No,good,workerid_0597
english,1,Yes,59,Female,4,none,no,yes,workerid_0598
English,1,Yes,24,Male,1,,No there were no problems,I think the price was fair.,workerid_0599
english,1,Yes,28,Male,3,good survey ,no,100,workerid_0600
english,2,Yes,54,Female,2,no comment,no,1.50,workerid_0601
English,2,Yes,40,Male,3,none,none,2,workerid_0602
english,2,Yes,51,Female,2,"It was pretty straight forward and I'm pretty certain I answered correctly, at least I hope!  There was a guitar in the question but not purple which is why I did not mark it.",No issues,1.50,workerid_0603
English,2,No,22,Female,3,,,1.50,workerid_0604
english,1,Yes,31,Female,3,,no,yes,workerid_0605
English,2,Yes,40,Male,2,thank you!,no,$1.5,workerid_0606
english,1,Yes,25,Male,3,,none,1.75,workerid_0607
English,2,Yes,40,Female,3,N/A,None,1.50,workerid_0608
English,2,Yes,58,Female,4,,"No, it ran smoothly.",1.00,workerid_0609
English,2,Yes,47,Female,3,,None,1.50,workerid_0610
english,2,Yes,34,Male,1,,no,1,workerid_0611
English,2,Yes,41,Female,3,,no,1.50,workerid_0612
English,2,Yes,30,Male,4,,,1.50,workerid_0613
english,2,Yes,35,Female,4,none,no,yes by mturk standards,workerid_0614
English,1,Yes,36,Male,2,Fun task,Nope,3,workerid_0615
English,2,Yes,35,Female,4,None,No,2.00,workerid_0616
English,1,Yes,32,Male,2,"I liked the idea of this hit, but the questions were far too basic and pretty repetitive, since most of them just required one to pick the last word of the sentence and pluralize it, which was a little boring for me.",No,1.50,workerid_0617
English,2,Yes,51,Female,3,,no,1.50,workerid_0618
English,2,Yes,25,Male,-1,Thanks for allowing me to participate.,There were no problems or bugs.,0.50,workerid_0619
English,0,Yes,23,Male,1,Thanks.,Noo issues,2.00,workerid_0620
english,1,Yes,30,Female,2,,no,1.50,workerid_0621
English,1,Yes,43,Male,3,I missed the loud baby which should be to other people.,No,2,workerid_0622
English,2,Yes,33,Male,3,Thanks!,No.,Yes,workerid_0623
English,2,Yes,23,Male,3,,,$2,workerid_0624
English,2,Yes,28,Male,3,nice one,none,snickers,workerid_0625
English,2,Yes,31,Female,3,,,2.00,workerid_0626
English,2,Confused,24,Male,1,For the example in the beginning fill in the text box with what would be an appropriate answer. I'm concerned if I was doing this right or not.,,1.50,workerid_0627
English,2,Yes,30,Male,3,good,no,1.50,workerid_0628
English,2,Yes,28,Male,1,,nope.,1.5,workerid_0629
English,1,Yes,34,Female,3,,No problems,2.0,workerid_0630
English,2,Yes,26,Female,3,,N/A,1.5,workerid_0631
english,0,No,26,Male,2,no,no,1.50,workerid_0632
English,2,Yes,29,Male,3,No comments,"NO PROBLEMS , IT'S VERY CLEARED",1.50,workerid_0633
English,1,Yes,26,Male,3,,no,yes,workerid_0634
English,2,Yes,52,Male,2,,no,1.50,workerid_0635
English,1,Yes,29,Male,3,N/A,No,1.50,workerid_0636
English,2,Yes,42,Female,4,,no,1.50,workerid_0637
English,2,Confused,25,Male,2,none,none,1.00,workerid_0638
English,1,Yes,45,Male,3,,no,2.00,workerid_0639
English,2,Yes,23,Male,2,N/a,No problems or bugs,2.00,workerid_0640
english,2,Yes,51,Male,4,,,right at the threshold,workerid_0641
English,2,Yes,28,Male,1,,no,yes,workerid_0642
english,2,Yes,42,Male,3,,,1.50,workerid_0643
English,2,Yes,66,Male,2,,,3,workerid_0644
English (US),2,Yes,24,Female,4,"Interface is a little clunky (would love to be able to type each answer, hit tab, hit enter to click through each trial without having to take hands off the keyboard and use the mouse. Also would love a sixty minute timer! But overall, engaging HIT, I'd like to do this again.","No, I think everything went well. ",$2,workerid_0645
Spanish,2,Yes,20,Female,2,,,yes,workerid_0646
English,2,Yes,29,Male,3,"This was simple and fun, thank you.",Everything worked perfectly.,1.50,workerid_0647
english,2,Yes,28,Male,3,no,no,nice,workerid_0648
English,1,Yes,54,Female,3,,No,2,workerid_0649
English,1,Yes,25,Male,1,,,1.50,workerid_0650
English,1,Yes,25,Male,3,,No,1.5,workerid_0651
English,2,Yes,28,Female,2,"It was nice to do something different, All i ever get on here is surveys.",no,1.50,workerid_0652
ENGLISH,1,No,34,Male,3,GOOD,NO,123,workerid_0653
english,2,Yes,38,Female,2,,no,1.50,workerid_0654
English,2,Yes,36,Female,3,,no,1.50,workerid_0655
English,1,Yes,30,Male,3,,no,2.00,workerid_0656
English,2,Yes,40,Female,3,its interesting,There is no issued,2.00,workerid_0657
Chinese,2,Yes,34,Female,3,"it's a very fun survey, thank you!",no,1.5,workerid_0658
ENGLISH,2,Yes,47,Male,3,,,,workerid_0659
English,2,Yes,35,Male,4,good,no,90,workerid_0660
English,2,Yes,24,Female,3,,,1.50,workerid_0661
english,2,Yes,24,Female,4,,,3,workerid_0662
English,1,Yes,27,Male,3,No,No,1.50,workerid_0663
english,2,Yes,49,Male,2,no,no,1.50,workerid_0664
english,1,Yes,29,Female,4,n/a,no,1.50,workerid_0665
English,2,Yes,43,Male,2,None,No,1.50,workerid_0666
English,1,Yes,27,Male,2,,No,1.50,workerid_0667
English,2,Yes,28,Male,3,good study.,good,2,workerid_0668
english,2,Yes,57,Male,3,Very good understanding,No,2,workerid_0669
English,2,Yes,58,Female,2,,no,1.50,workerid_0670
English,1,Yes,28,Male,3,,I didn't see any problems.,1.5,workerid_0671
English,1,Yes,42,Female,4,,,1.50,workerid_0672
english,1,Yes,51,Male,3,its very interesting,no,yes,workerid_0673
ENGLISH,2,Yes,40,Female,4,,no,2.00,workerid_0674
English and Korean,2,Yes,25,Male,2,,,Yes,workerid_0675
english,1,Yes,52,Male,3,,,1.50,workerid_0676
english,2,Yes,28,Female,3,like it,no problem,2,workerid_0677
English,2,Yes,62,Male,3,,No,1.50,workerid_0678
English,2,Yes,47,Female,3,none,no,yes,workerid_0679
Dutch,1,Confused,73,Male,2,,,1.50,workerid_0680
English,2,Yes,53,Male,4,,no,2.00,workerid_0681
English,2,Yes,24 ,Female,3,interesting hit,no,2.00,workerid_0682
English,1,Yes,30,Male,2,,None,1.50,workerid_0683
english,1,Yes,29,Male,3,n/a,no,2.00,workerid_0684
english,1,Confused,25,Male,2,,,1.50,workerid_0685
English,1,Yes,50,Female,3,,no,1.50,workerid_0686
english,2,Yes,32,Female,2,,No,yes 13.50 an hour before this page,workerid_0687
English,1,Yes,35,Male,2,,no,1.50,workerid_0688
english,1,Yes,24,Female,3,,no,this is fair,workerid_0689
English,1,Yes,29,Male,4,,No.,1.65,workerid_0690
english,2,Confused,33,Female,2,everything worked fine but half way through i questioned if i was doing it right. i hope i did it right. thank you for allowing me to finish it!,,1.50,workerid_0691
English,2,Yes,30,Male,1,"I tried using my common sense in every scenario, i feel confident that i had a good grasp of the experiment, but a few questions did make me doubtful. like soft floor tiles, just doesn't make sense.",no,1.50,workerid_0692
English,1,Yes,26,Female,3,,no,,workerid_0693
English,2,Yes,40,Male,3,,None,2,workerid_0694
English,2,Yes,48,Female,4,n/a,no,yes,workerid_0695
english,2,Yes,29,Male,2,thanks,no,yes,workerid_0696
ENGLISH,2,Yes,48,Male,3,GOOD,NO,50,workerid_0697
English,2,Yes,42,Male,2,"The task was cool.

The question about how much is a fair price is cooler!

Thank you for the opportunity.

Regards.",No,2.50,workerid_0698
United States,1,Yes,37,Female,3,,no,1.50,workerid_0699
English,2,Yes,29,Male,2,,no,yes,workerid_0700
English,2,Yes,28,Female,3,,no,1.5,workerid_0701
English,2,Yes,28,Male,3,,,2,workerid_0702
English,1,Yes,33,Male,3,,No,$2,workerid_0703
English,2,Yes,33,Male,3,none,none,1.5,workerid_0704
English,1,Yes,70,Male,3,,No,2.00,workerid_0705
English,2,Yes,52,Female,3,,no,1.50,workerid_0706
English,1,Yes,24,Female,3,I enjoyed it. ,No.,1.50,workerid_0707
English,1,Yes,29,Male,3,,None,$1.50,workerid_0708
English,2,Yes,37,Female,2,,no,1.50,workerid_0709
English,2,Yes,47,Male,3,,no,2,workerid_0710
English,2,Yes,28,Female,3,,none,2.50,workerid_0711
english,1,Yes,38,Male,2,,none,yes,workerid_0712
english,2,Yes,45,Female,2,I think I did it correctly. I hope so. thank you.,,1.50,workerid_0713
English,1,Yes,34,Male,2,None,None,1.5,workerid_0714
English,2,Yes,39,Female,4,,,1.50,workerid_0715
english,2,Yes,34,Female,4,,no,,workerid_0716
English,2,Yes,34,Female,3,I really enjoyed this HIT! Thank you!,No,1.50,workerid_0717
English,2,Yes,32,Male,3,,,yes,workerid_0718
English,2,Yes,37,Male,1,,No,1.50,workerid_0719
english,2,Yes,48,Male,1,Interesting survey. Thank you.,none,2.00,workerid_0720
English,1,Yes,33,Female,2,,no,$2,workerid_0721
English,1,Yes,25,Male,3,,None,1.50,workerid_0722
English,1,Yes,28,Male,3,none,no,2.00,workerid_0723
English,1,Yes,32,Male,3,,No,1.75,workerid_0724
english,1,Yes,30,Male,3,thank you for the hit,no,3,workerid_0725
english,1,Yes,35,Male,2,,no,2,workerid_0726
English ,2,Yes,30,Female,2,,no,1.50,workerid_0727
English,2,Yes,30,Male,3,I like this version of the HIT better than the picture ones. ,none,1.50,workerid_0728
English,2,Yes,30,Female,1,Thank you!,no issues,1.5,workerid_0729
English,2,Yes,61,Female,1,I really did enjoy that. I love words and games with words.,no,1.50,workerid_0730
english,1,Yes,29,Female,2,,,no,workerid_0731
English,1,Yes,33,Male,1,,,2,workerid_0732
english,1,Yes,28,Male,3,,no,2,workerid_0733
United States,1,Yes,36,Male,3,,ni,1.75,workerid_0734
English,2,Yes,34,Male,0,"This was very interesting, thank you for the opportunity to participate!",No,1.50,workerid_0735
United States,0,Yes,23,Male,2,,No,1.50,workerid_0736
English,2,Yes,46,Female,3,"I enjoyed the study, it was engaging. ",No problems or bugs noted. ,1.50,workerid_0737
english,2,Yes,38,Male,2,,none,yes,workerid_0738
Chinese,1,Confused,51,Female,3,,I didnt see any images.,1.5,workerid_0739
English,2,Yes,28,Female,4,This was fun! Good luck in your study!,"No, everything went fine!",1-1.50,workerid_0740
english,1,Yes,26,Male,3,yes,,3.00,workerid_0741
English,2,Yes,28,Male,2,No comment,No,1.50,workerid_0742
English,1,Yes,28,Male,3,,no,2.00,workerid_0743
english,2,Yes,30,Male,3,,,1.5,workerid_0744
English,1,Yes,43,Male,3,,,2.5,workerid_0745
Englsih,0,Yes,21,Male,2,,Bi,No,workerid_0746
English,1,Yes,36,Female,1,,no,1.70,workerid_0747
English,2,Yes,29,Female,2,,,1.50,workerid_0748
English,2,Yes,30,Male,3,,No,2.00,workerid_0749
English,2,Yes,49,Female,3,,,2,workerid_0750
english,1,Yes,34,Male,3,,none,2.00,workerid_0751
English,2,Yes,59,Female,1,Fun and interesting. Thanks.,none,2.00,workerid_0752
english,2,Yes,28,Male,3,,,1.5,workerid_0753
English,1,Confused,30,Female,2,,,1.50,workerid_0754
engl,1,Yes,35,Male,3,,no,2,workerid_0755
English,2,Yes,30,Female,2,,None,2,workerid_0756
English,2,Yes,27,Male,3,nice,no,1.50,workerid_0757
English,2,Yes,24,Female,3,"Perhaps offering a completed example would help workers be a bit more confident in completing the hit. I used common sense, but still felt a bit of doubt. Beyond that, it was a a smooth hit and the pay is definitely fair. ",,1.5,workerid_0758
english,1,Yes,26,Male,2,,no,1.50,workerid_0759
English,2,Yes,27,Male,0,,,Yes,workerid_0760
English,2,Yes,30,Male,3,Thanks for the HIT and I appreciate the progress bar!,No issues,1.50,workerid_0761
english,1,Yes,30,Female,2,,,1.50,workerid_0762
Turkish,1,Yes,35,Female,3,,,2,workerid_0763
English,2,Yes,34,Male,3,,No,1.50,workerid_0764
English,2,Yes,30,Male,1,,No,1.50,workerid_0765
English,2,Yes,28,Male,3,good,no,1.50,workerid_0766
English,2,Yes,46,Male,4,I don't have any. ,None,1.50,workerid_0767
English,2,Yes,43,Female,3,,no,1.50,workerid_0768
English,1,Yes,25,Male,3,,No,2,workerid_0769
English,2,Yes,39,Male,2,,no,1.50,workerid_0770
English,2,Yes,28,Male,1,No comments thank you,No,2.00,workerid_0771
English,2,Yes,28,Other,2,"I think whoever is reading this is a cool person, and should remember that!",,1.50,workerid_0772
English,2,Yes,35,Male,4,,,$1,workerid_0773
English,1,Yes,25,Male,3,,No.,1.50,workerid_0774
English,2,Confused,26,Male,1,,No,Yes,workerid_0775
english,2,Yes,39,Female,3,,no,1.50,workerid_0776
english,1,Confused,32,Male,2,,,sure,workerid_0777
English,1,Yes,32,Male,3,thanks,no,2.00,workerid_0778
English,1,Yes,22,Female,2,,,2,workerid_0779
English,1,Yes,34,Female,3,n/a,no,1.50,workerid_0780
English,2,Yes,32,Female,2,,no,1.50,workerid_0781
English,1,Yes,28,Male,2,"The inclusion of the word other in the response question limited the range of answers to the question, often in ways that excluded the most relevant response. Often, when people remark on a state, they were referring to the experience of a previous state, not another similar object.",No,Sure,workerid_0782
English,2,Yes,54,Female,3,,no,2.00,workerid_0783
United States,1,Yes,28,Male,1,,"no, well sometimes i wonder why people make these stupid observations and say these obvious things when they really dont make any sense. so, please excuse me if i had trouble figuring out what they were referring to.",2.00,workerid_0784
english,2,Yes,31,Female,3,,,1.50,workerid_0785
english,2,Confused,26,Female,0,,,1.50,workerid_0786
English,1,Yes,56,Female,3,This was interesting.,no,it took nearly 30 minutes -- 3.00,workerid_0787
english,1,Yes,31,Male,3,,no,1.50,workerid_0788
English,1,No,39,Male,3,"I was not trying to remember which items I did, so I may have missed a few in the last question.",No,Yes,workerid_0789
"spanish, english",2,Yes,27,Female,3,,no,yes,workerid_0790
english,2,Yes,33,Male,2,no comment,no,yes,workerid_0791
English,2,Yes,28,Male,3,good study,Nothing,2,workerid_0792
English,2,Yes,30,Female,3,I enjoyed my participation. Thanks!,No.,2.00,workerid_0793
english,2,Yes,26,Female,3,nice,none,1.50,workerid_0794
English,1,Yes,25,Male,3,,N/A,1.50,workerid_0795
English,1,Yes,29,Male,3,,There were no technical difficulties.,2.00,workerid_0796
English,1,Yes,68,Male,3,"For several of these I would have given a different response if not limited. For instance, instead of other dusks, I would have said compared to earlier in the day or for the time of day.",,Whatever someone will accept. $1.50 is good for mturk.,workerid_0797
english,2,Yes,22,Female,2,none,no,yes,workerid_0798
English,2,NA,80,Female,3,thank you...interesting,no,1.50,workerid_0799
English,2,Yes,54,Female,3,none,no,1.50,workerid_0800
English,2,No,27,Female,2,This experiment was very well. Thank you.,Nothing,1.5,workerid_0801
English,2,Yes,55,Female,3,,none,1.50,workerid_0802
English,2,Yes,32,Male,2,No problems.,No problems.,1.30,workerid_0803
English ,2,Yes,24,Male,2,None please. ,,1.60,workerid_0804
English,1,Yes,37,Male,4,,,1.50,workerid_0805
English,2,Yes,20,Female,2,,,$1.50,workerid_0806
english,1,No,53,Male,2,,,2.00,workerid_0807
English,2,Yes,48,Female,3,"I'm pretty sure I did it correctly, although it seemed so simple that I did question if I was doing it right.",,1.50,workerid_0808
english,2,No,31,Male,2,,,1.50,workerid_0809
English,2,Yes,48,Male,4,,No,Yes,workerid_0810
english,1,Yes,48,Female,1,,,yes,workerid_0811
English,2,Yes,32,Male,3,nice,no,1.50,workerid_0812
English,1,Yes,63,Male,3,,no,2,workerid_0813
english,2,Yes,53,Female,2,,no,1.50,workerid_0814
English,1,Yes,38,Male,3,,n/a,yes,workerid_0815
English,1,Yes,51,Female,2,,No,1.50,workerid_0816
English,1,No,38,Male,4,"no comments, thanks!",no problems or bugs,1.50,workerid_0817
English,2,Yes,46,Female,1,I don't remember if the guitar was purple or not.  Overall it did make me think about things we say everyday yet can mean a number of different things.  It was interesting to consider options other than what first comes to mind.,none,$1.50,workerid_0818
English,2,Yes,43,Male,1,,no,1.50,workerid_0819
english,1,Yes,25,Female,3,,no,1,workerid_0820
English,1,Yes,24,Male,1,,No problems.,1,workerid_0821
English,1,Yes,52,Male,2,,None that I noticed,The offered 1.50 was fair enough,workerid_0822
english,2,Yes,40,Female,3,,,2,workerid_0823
English,2,Yes,31,Female,2,The instructions were clear. Thank you for this opportunity.,There were no problems in this experiment.,1.50,workerid_0824
English,1,Yes,27,Male,1,,no,2.50,workerid_0825
english,1,Yes,29,Male,3,,,1.50,workerid_0826
English,2,Yes,49,Male,3,Good luck.,"No, all good.",1.50,workerid_0827
English,2,Yes,30,Male,4,It is a god survey,No,1.50,workerid_0828
english,1,Yes,70,Male,2,none,no,yes,workerid_0829
english,1,Yes,58,Female,2,please pay me,no,3,workerid_0830
english,1,Yes,25,Male,2,,no,1.50,workerid_0831
United States,1,Yes,24,Female,1,,no,2,workerid_0832
English,2,Yes,24,Female,2,,None.,1.50,workerid_0833
English,1,Yes,30,Male,4,,No,Yes,workerid_0834
english,1,Yes,68,Female,3,,no,2.50,workerid_0835
english,1,Yes,25,Male,2,,,,workerid_0836
English,2,No,29,Male,3,,no,yes,workerid_0837
